CREATE DATABASE  IF NOT EXISTS `sava3_test` /*!40100 DEFAULT CHARACTER SET utf8 COLLATE utf8_unicode_ci */;
USE `sava3_test`;
-- MySQL dump 10.13  Distrib 5.6.17, for Win32 (x86)
--
-- Host: localhost    Database: sava3_test
-- ------------------------------------------------------
-- Server version	5.1.73

/*!40101 SET @OLD_CHARACTER_SET_CLIENT=@@CHARACTER_SET_CLIENT */;
/*!40101 SET @OLD_CHARACTER_SET_RESULTS=@@CHARACTER_SET_RESULTS */;
/*!40101 SET @OLD_COLLATION_CONNECTION=@@COLLATION_CONNECTION */;
/*!40101 SET NAMES utf8 */;
/*!40103 SET @OLD_TIME_ZONE=@@TIME_ZONE */;
/*!40103 SET TIME_ZONE='+00:00' */;
/*!40014 SET @OLD_UNIQUE_CHECKS=@@UNIQUE_CHECKS, UNIQUE_CHECKS=0 */;
/*!40014 SET @OLD_FOREIGN_KEY_CHECKS=@@FOREIGN_KEY_CHECKS, FOREIGN_KEY_CHECKS=0 */;
/*!40101 SET @OLD_SQL_MODE=@@SQL_MODE, SQL_MODE='NO_AUTO_VALUE_ON_ZERO' */;
/*!40111 SET @OLD_SQL_NOTES=@@SQL_NOTES, SQL_NOTES=0 */;

--
-- Table structure for table `amostra`
--

DROP TABLE IF EXISTS `amostra`;
/*!40101 SET @saved_cs_client     = @@character_set_client */;
/*!40101 SET character_set_client = utf8 */;
CREATE TABLE `amostra` (
  `id` int(11) NOT NULL AUTO_INCREMENT,
  `nome` varchar(100) DEFAULT NULL,
  `qtd_limitante` int(11) DEFAULT NULL,
  `universo_id` int(11) NOT NULL,
  PRIMARY KEY (`id`),
  KEY `fk_amostra_universo1` (`universo_id`),
  CONSTRAINT `fk_amostra_universo1` FOREIGN KEY (`universo_id`) REFERENCES `universo` (`id`) ON DELETE NO ACTION ON UPDATE NO ACTION
) ENGINE=InnoDB AUTO_INCREMENT=33 DEFAULT CHARSET=latin1;
/*!40101 SET character_set_client = @saved_cs_client */;

--
-- Dumping data for table `amostra`
--

LOCK TABLES `amostra` WRITE;
/*!40000 ALTER TABLE `amostra` DISABLE KEYS */;
INSERT INTO `amostra` VALUES (1,'teste',0,1),(2,'Moradores de Valença',1200,2),(3,'Moradores do centro urbano de Valença',1200,3),(4,'EQUIPE DE TRABALHO- FAETEC E UERJ',15,4),(5,'COORDENADORES DOS LABS',50,4),(6,'ESTAGIÁRIOS',50,4),(7,'teste nova amostra',2,11),(8,'teste',100,12),(9,'teste',0,13),(10,'teste',0,14),(11,'teste',800,15),(12,'TURMA DE INFORMÁTICA',30,16),(13,'teste',12,17),(14,'teste',10,18),(15,'minha amostra editado',1234,19),(16,'8 PESSOAS',20,20),(17,'Moradores da região metropolitana do Rio de Janeiro',50,21),(18,'Pessoas que transitam pela Central do Brasil',50,24),(19,'alunos da ciência da computação',1000,26),(20,'',NULL,27),(21,'qweqwe',123123,28),(22,'ORIENTADORES TECLAC',32,29),(23,'opop',1312,30),(24,'Uerj',500,31),(25,'',NULL,32),(26,'',NULL,35),(27,'',NULL,39),(28,'',NULL,40),(29,'',NULL,41),(30,'Usuarios celular da Tijuca',200000,44),(31,'Regiões',4,45),(32,'Antenas (evento, interior, Grande Via e comunidade)',46,45);
/*!40000 ALTER TABLE `amostra` ENABLE KEYS */;
UNLOCK TABLES;

--
-- Table structure for table `aspecto`
--

DROP TABLE IF EXISTS `aspecto`;
/*!40101 SET @saved_cs_client     = @@character_set_client */;
/*!40101 SET character_set_client = utf8 */;
CREATE TABLE `aspecto` (
  `id` int(11) NOT NULL AUTO_INCREMENT,
  `indicador_id` int(11) NOT NULL,
  `nome` varchar(200) DEFAULT NULL,
  `pergunta` text,
  PRIMARY KEY (`id`),
  KEY `fk_aspectos_indicador1` (`indicador_id`),
  CONSTRAINT `fk_aspectos_indicador1` FOREIGN KEY (`indicador_id`) REFERENCES `indicador` (`id`) ON DELETE NO ACTION ON UPDATE NO ACTION
) ENGINE=InnoDB AUTO_INCREMENT=171 DEFAULT CHARSET=latin1;
/*!40101 SET character_set_client = @saved_cs_client */;

--
-- Dumping data for table `aspecto`
--

LOCK TABLES `aspecto` WRITE;
/*!40000 ALTER TABLE `aspecto` DISABLE KEYS */;
INSERT INTO `aspecto` VALUES (1,1,'aspecto teste_sheila','Uma pergunta1'),(2,2,'teste','Pergunta'),(3,3,'Número de Postos ','Quantos postos de policiamento existem no Bairro?'),(4,3,'Número de Viaturas','Quantas viaturas de policiamento existem no Bairro?'),(5,4,'Policial de Combate','Quantos policiais de combate existem por habitante no Bairro?\r\n'),(6,4,'policial de Ronda ','Quantos   policiais de ronda existem nas ruas do Bairro?\r\n'),(7,5,'Casos ocorridos','Quantos casos ocorrem no bairro?'),(8,5,'Casos solucionados','Quantos casos são solucionados no bairro?'),(9,6,'Casos ocorridos','Quantos assaltos à residências ocorrem no bairro?'),(10,6,'Casos solucionados','Quantos roubos/assaltos à residências são solucionados no bairro?'),(11,7,'Casos ocorridos','Quantos carros são roubados no bairro?'),(12,7,'Casos solucionados','Quantos roubos/assaltos a carros são solucionados no bairro?'),(13,8,'Casos ocorridos','Quantos homicídios ocorrem no bairro?'),(14,8,'Casos solucionados','Quantos homicídios são solucionados no bairro?'),(15,9,'Meios de comunicação','Quantos meios de comunicação são utilizados?'),(16,9,'Atendimento','Qualidade do atendimento'),(17,10,'Velocidade','Velocidade da resposta.'),(18,10,'Resolutividade','Quantidades de ações solucionadas.'),(19,11,'Ligação entre os bairros','Qual a quantidades de ligações entre os bairros?'),(20,11,'Ligação com o Centro da Cidade.','Quantidades de bairros ligados ao centro.'),(21,12,'Metrô','Qualidade do alcance do metrô no bairro.'),(22,12,'Trem','Qualidade do alcance do trem no bairro.'),(23,12,'Ônibus','Qualidade do alcance dos ônibus pelo bairro.'),(24,12,'Van','Qualidade do alcance das vans pelo bairro.'),(25,12,'Barca','Qual a qualidade do alcance das barcas pelo bairro?'),(26,13,'Quantidade','Quantidade de serviços de transporte'),(27,13,'Tarifa','tarifas dos transportes'),(28,14,'Conforto','Qualidade do conforto dos transportes.'),(29,14,'Limpeza','Qualidade da limpeza dos transportes.'),(30,14,'Horário','Pontualidade dos transportes.'),(31,14,'Segurança','Qualidade da segurança dos transportes.'),(32,16,'Climatização','Para você, a temperatura no metrô (dentro da composição) é agradável?'),(33,16,'Assentos Disponíveis','Para você, qual a frequência com que há disponibilidade de assentos nas composições do metrô?'),(34,17,'Quantidade de agentes de segurança','Com que frequência você vê agentes de segurança nas estações de metrô?'),(35,17,'Equipamentos de segurança e manutenção dos mesmos','Com que frequência você nota equipamentos de segurança nas instalações do metrô e qual o estado aparente de sua manutenção?'),(36,21,'Acessibilidade para deficientes visuais','No metrô, há presença de piso tátil e placas informativas em braile nas instalações?'),(37,21,'Acessibilidade para deficientes auditivos','No metrô, os sinais sonoros existentes nas composições e nas estações são acompanhados por sinais luminosos e/ou letreiros?'),(38,21,'Acessibilidade para deficientes físicos','No metrô, há equipamentos que permitam que deficientes físicos acessem as estações, como elevadores ou rampas de acesso?'),(39,35,'',''),(40,34,'Acessibilidade para deficientes físicos','No trem, há equipamentos que permitam que deficientes físicos acessem as estações, como elevadores ou rampas de acesso?'),(41,34,'Acessibilidade para deficientes visuais','No trem, há presença de piso tátil e placas informativas em braile nas instalações?'),(42,45,'Assentos Disponíveis','Para você, qual a frequência com que há disponibilidade de assentos nas composições do trem?'),(43,45,'Climatização','Para você, a temperatura no trem (dentro da composição) é agradável?'),(44,47,'Equipamentos de segurança e manutenção dos mesmos','Com que frequência você nota equipamentos de segurança nas instalações do trem e qual o estado aparente de sua manutenção?'),(45,47,'Quantidade de agentes de segurança','Com que frequência você vê agentes de segurança nas estações de trem?'),(46,37,'',''),(47,34,'Acessibilidade para deficientes auditivos','No trem, os sinais sonoros existentes nas composições e nas estações são acompanhados por sinais luminosos e/ou letreiros?'),(48,25,'Atualização das ementas','Quanto &#65533; atualiza&#65533;&#65533;o das ementas das disciplinas:'),(49,25,'Aulas de acordo com a ementa','As aulas são ministradas de acordo com suas respectivas ementas?'),(50,25,'Carga Horária','Quanto à carga horária das disciplinas:'),(51,25,'Estrutura curricular do curso','Quanto aos resultados apresentados pela estrutura curricular do curso:'),(52,25,'Disciplinas eletivas','Quanto aos resultados obtidos pelas disciplinas eletivas oferecidas pela universidade:'),(53,53,'Comunicação da Universidade com o corpo discente','Como são comunicadas as orientações referentes ao curso? (incrição em disciplinas, RID, SAID, preenchimento de formulários, etc...)'),(54,54,'Comportamentos e atitudes','Os funcionários da unidade acadêmica são solícitos ao atender os alunos?'),(55,55,'Professores cientistas','Qual o percentual aproximado de professores é cientista?'),(56,55,'Professores contratados','Qual o percentual aproximado de professores é contratado?'),(57,55,'Professores com doutorado','Qual o percentual aproximado de professores possui doutorado?'),(58,55,'Professores com mestrado','Qual o percentual aproximado de professores possui mestrado?'),(59,55,'Pós-doutorado','Qual o percentual aproximado de professores possui pós-doutorado?'),(60,55,'Planejamento das aulas','As aulas são planejadas e/ou o professor comunica-se com clareza e apresenta domínio do assunto?'),(61,55,'Formas de avaliação','Quanto às avaliações aplicadas pelo corpo docente:'),(62,55,'Metodologia de ensino','O Professor procura melhorar sua metodologia de ensino e/ou inova nas atividades?'),(63,55,'Pontualidade e assiduidade','Qual o percentual de professores é pontual e assíduo às aulas?'),(64,56,'Limpeza','Quanto à limpeza realizada nos banheiros:'),(65,56,'Funcionamento','Quanto ao funcionamento dos banheiros'),(66,58,'Qualidade da água','Qual a qualidade da água dos bebedouros da unidade acadêmica?'),(67,59,'Quantidade do acervo','A quantidade do acervo oferecido pela biblioteca supre a demanda da comunidade acad&#65533;mica?'),(68,59,'Qualidade do acervo','A qualidade do acervo oferecido pela biblioteca atende &#65533;s exig&#65533;ncias do corpo docente?'),(69,59,'Conservação do acervo','O acervo da biblioteca &#65533; bem conservado?'),(70,59,'Salas de estudo','Qual a sua avaliação das salas de estudo das biblioteca?'),(71,60,'Iluminação','Qual a sua avaliação referente à iluminação das salas de aula?'),(72,60,'Climatização','Qual a sua avaliação referente à climatização das salas de aula?'),(73,60,'Estado de conservação','Qual a sua avaliação referente ao estado de conservação das salas de aula?'),(74,60,'Qualidade das carteiras','Qual a sua avaliação referente à qualidade das carteiras das salas de aula?'),(75,61,'Horário de funcionamento','Qual a sua avaliação referente ao horário de funcionamento dos laboratórios?'),(76,61,'Qualidade','Qual o percentual aproximado de computadores dos laboratórios que suprem integralmente às necessidades dos alunos?'),(77,61,'Internet','Qual o percentual de computadores dos laboratórios que possui internet?'),(78,32,'Quantidade de linhas de ônibus no bairro','Quantas linhas de ônibus com destino a outros bairros e zonas da cidade, existem no bairro?\r\n'),(79,31,'Tempo em que o passageiro fica de pé por falta de assentos no ônibus','Quanto tempo você costuma viajar de pé por falta de assentos vagos no ônibus?'),(80,33,'Tempo de espera por um determinado ônibus no bairro','Quanto tempo você costuma esperar por um determinado ônibus em seu bairro?'),(81,33,'',''),(82,27,'Tempo de espera por um trem ou metrô nas estações da cidade','Quanto tempo você costuma esperar por um trem ou metrô nas estações de sua cidade?'),(83,22,'Tempo em que o passageiro fica de pé por falta de assentos no trem ou metrô','Quanto tempo você costuma viajar de pé por falta de assentos vagos no trem ou no metrô?'),(84,26,'Tempo para chegar a estação ferroviária mais próxima a residência ','Quanto tempo você demora pra chegar até a estação de trem ou metrô mais próxima de sua casa?'),(85,43,'Número de Cabines de polícia no bairro','Quantas cabines da policia militar existem espalhadas pelo seu bairro?'),(86,44,'Tempo de resposta a uma ocorrência no bairro','Aproximadamente quanto tempo demora para que a polícia atenda a uma ocorrência em seu bairro?'),(87,20,'Tempo para registrar queixa ','Quanto tempo demora para que você consiga registrar uma queixa na delegacia de seu bairro?'),(88,46,'Quantidade de câmeras no bairro','Aproximadamente quantas câmeras de monitoramento e vigilância existem espalhadas pelo seu bairro?'),(89,48,'Rapidez no atendimento de delitos flagrados pelas câmeras ','Com que rapidez os agentes de segurança atendem as vítimas de delitos flagrados pelas câmeras de segurança  em seu bairro?'),(90,49,'Tempo de conserto das câmeras com defeito','Qual o tempo de conserto de câmeras em seu bairro após alguma reclamação?'),(91,19,'ENTENDIMENTO DO ASSUNTO','OS PROFESSORES DOMINAM COMPLETAMENTE OS ASSUNTOS LECIONADOS POR ELES?'),(92,24,'EMENTA','TODOS OS PROFESSORES CUMPREM TODA A EMENTA?'),(93,24,'EMENTA','TODOS OS PROFESSORES CUMPREM TODA A EMENTA?'),(94,18,'DIDATICA VERBAL','VOCÊ ENTENDE TUDO QUE É PASSADO VERBALMENTE PELO SEU PROFESSOR?'),(95,18,'DIDATICA ESCRITA','VOCÊ ENTENDE TUDO QUE É ESCRITO PELO SEU PROFESSOR?'),(96,50,'PRESENÇA','OS PROFESSORES SÃO ASSÍDUOS NAS AULAS?'),(97,41,'CIENTISTA','QUANTOS PROFESSORES CIENTISTAS LECIONARAM AULAS PARA VOCÊ?'),(98,41,'CIENTISTA','QUANTOS PROFESSORES CIENTISTAS LECIONARAM AULAS PARA VOCÊ?'),(99,42,'QUANTIDADE','QUANTOS PROFESSORES CONTRATADOS LECIONARAM AULAS PARA VOCÊ?'),(100,38,'QUANTIDADE','QUANTOS PROFESSORES DOUTORES LECIONARAM AULAS PARA VOCÊ?'),(101,39,'QUANTIDADE','QUANTOS PROFESSORES COM MESTRADO LECIONARAM AULAS PARA VOCÊ?'),(102,40,'QUANTIDADE','QUANTOS PROFESSORES COM PÓS DOUTORADO LECIONARAM AULAS PARA VOCÊ?'),(103,62,' PRESENÇA','QUAL O NÍVEL DE PRESENÇA E ASSIDUIDADE DO ALUNO ESTAGIÁRIO FAETEC NESTE MES?'),(104,64,'Nível de comprometimento.','Qual o nível de comprometimento percebido pelo orientador nas atitudes do estagiário?'),(105,66,'um',''),(106,66,'dois',''),(107,67,'Localiza num texto uma ou múltiplas informações, que podem estar expressas de modo literal ou não.','o funcionário localiza uma ou mais unidades de informação explícita(s), expressa(s) de forma literal ou realizando pequenas deduções (a informação não corresponde literalmente à forma do registro)?'),(108,67,'Localiza informações numéricas','O funcionário localiza informações numéricas do tipo: unidade de medida, data, hora e localização geografica em textos diversos (aviso, notícias, especificações técnicas, rótulos, etc)?'),(109,68,'Estabelece relação entre textos e conhecimentos na referênciação, sinonimia, causa/efeito, parte/todo.','O funcionário identifica semelhanças ou diferenças entre aspectos descritos, argumentos, orientações, processos, etc.?'),(110,68,'Compara números.','O funcionário compara números: códigos, indicadores de quantidade ou ordem, valores monetários e data?'),(111,68,'Reconhece relação entre unidades de medidas.','O funcionário reconhece a relação entre o que se mede, a unidade de medida utilizada e a expressão da medida?'),(112,68,': Resolve situações problema','O funcionário resolve situações problema envolvendo adição, subtração, multiplicação, divisão?'),(113,69,'Elabora um texto.','O funcionário elaborar um texto (introdução, desenvolvimento e conclusão)?'),(114,69,'Insere, ordena, numera e classifica dados em uma tabela.','O funcionário insere ou organiza dados em uma tabela?'),(115,70,'Reconhecer padrões, comparar e emiter parecer sobre informações textuais. ','O funcionário compara informações com os padrões de conformidade estabelecido e emite parecer?'),(116,70,'Compara as proposições do texto (legislação interna e industrial) nas rotinas do trabalho e emite parecer.','O funcionário compara as proposições do texto, aplicabilidade da prescrição nas rotinas do trabalho e emite parecer?'),(117,70,'Identifica e intervem na busca dos dados suficientes e/ou consistentes para a solução de um problema.','O funcionário identifica e intervem nas busca dos dados  suficientes e/ou consistentes para a solução de um problema?'),(118,71,'Identificar se houve retrabalho.','O funcionário consegue realizar a tarefa sem retrabalho?'),(119,72,'Identificar o desperdício na realização do trabalho ','O funcionário consegue realizar a tarefa com o custo exato dos insumos?'),(120,73,'Identifica a capacidade de realizar as tarefas em um 	determinado prazo.','O funcionário consegue realizar a tarefa no prazo?'),(121,74,'Identifica a capacidade do funcionário de cumprir metas.','O funcionário consegue cumprir as metas?'),(122,75,'Qualidade da cobertura','Com que frequencia ocorre a perda de sinal?'),(123,76,'SAC','Tempo de espera  para ser atendido'),(124,77,'quantpp','Quantas vezes seu serviço foi interrompido no mes?'),(125,78,'24/7','Quanto tempo esse serviço fica disponivel ao usuario em 24 horas por 7 dias da semana'),(126,79,'Velocidade na interface aérea','Qual é a velocidade de conexão entre o dispositivo e a interface aérea?'),(127,79,'Velocidade entre o dispositivo final do usuário e o core da rede','Qual é a velocidade entre o dispositivo final do usuário e o core da rede?'),(128,79,'velocidade entre o dispositivo final do usuário e algum servidor de referência na internet','Qual é a velocidade entre o dispositivo final do usuário e algum servidor de referência na internet?'),(129,81,'Jitter na interface aérea','Qual é o jitter na interface aérea?'),(130,81,'Jitter entre o dispositivo final do usuário e o core da rede','Qual é o Jitter entre o dispositivo final do usuário e o core da rede?'),(131,81,'Jitter entre o dispositivo final do usuário e algum servidor de referência na internet','Qual é o Jitter entre o dispositivo final do usuário e o servidor de referência na internet?'),(132,85,'Nível de sinal do dispositivo final','Qual é o valor do nível de sinal identificado?'),(133,86,'Cobertura da área atendida','Qual o percentual da área atendida do projeto original?\r\n\r\n\r\n'),(134,92,'Tempo de recuperação','Quanto tempo em média a equipe de manutenção levou para recuperar os serviços, em determinado período, desde o início dos atendimentos?'),(135,92,'Tempo de mobilização','Quanto tempo em média a equipe de manutenção levou para começar a atender os chamados, em determinado período,  desde a abertura dos chamados no sistema?'),(136,98,'Plano de Contingência','Qual o nível do plano de contingência?'),(137,83,'Erro entre o dispositivo final do usuário e algum servidor de referência na internet','Qual a quantidade de erros entre o dispositivo final do usuário e algum servidor de referência na internet?'),(138,83,'Erros na interface aérea','Qual é a quantidade de erros na interface aérea?'),(139,83,'Erros entre o dispositivo final do usuário e o core da rede','Qual a quantidade de erros entre o dispositivo final do usuário e o core da rede?'),(140,83,'',''),(141,80,'Latência entre o dispositivo final do usuário e algum servidor de referência na internet','Qual é a latência entre o dispositivo final do usuário e algum servidor de referência na internet?'),(142,80,'Latência entre o dispositivo final do usuário e o core da rede','Qual é a latência entre o dispositivo final do usuário e o core da rede?'),(143,80,'Latência na interface aérea','Qual é a latência na interface aérea?'),(144,82,'Perda de pacotes entre o dispositivo final do usuário e algum servidor de referência na internet','De quanto é a perda de pacotes entre o dispositivo final do usuário e algum servidor de referência na internet?'),(145,82,'Perda de pacotes entre o dispositivo final do usuário e o core da rede','De quanto é a perda de pacote entre o dispositivo final do usuário e o core da rede?'),(146,82,'Perda de pacotes na interface aérea','De quanto é perda de pacotes na interface aérea?'),(147,84,'Roaming dentro da mesma rede.','Qual o efeito na rede quando o usuário está em movimento dentro da área de cobertura?'),(148,84,'',''),(149,87,'Quantidades de usuários: Número de usuários que estão logados em efetiva utilização','Quantos usuários estão logados e efetivamente utilizando o serviço neste momento por cada access point da rede?'),(150,87,'Tráfego do usuário: tráfego utlizado pelo usuário','Qual media de tráfego de dados por usuário logados e efetivamente utilizando o serviço neste momento na rede?'),(151,93,'Monitoramento de tráfego','Há monitoramento automatizado de tráfego na rede?'),(152,93,'Monitoramento de equipamentos','Há monitoramento automatizado, com notificação de alerta, dos equipamentos da rede?'),(153,91,'Comportamento do Roaming entre redes.','Usuário consegue se conectar nas diferentes redes do programa?'),(154,89,'Segurança da informação','Como é tratada a segurança da informação?'),(155,101,'rewr','werewr'),(156,94,'Expansão da Rede','Qual o nível médio de utilização dos equipamentos de rede?'),(157,94,'Expansão de cobertura','Qual a capacidade do crescimento da área de cobertura da rede apenas com aquisição de pontos de acesso?'),(158,94,'Expansão de banda','Qual a capacidade do crescimento da rede a nível de banda?'),(159,94,'Expansão de serviços (Dados, voz e vídeo)','Qual a capacidade do crescimento da rede a nível de serviço?'),(160,95,'Expertise /capacidade da Empresa para Inovação – Tecnologia Aplicada (com base nos padrões tecnológicos atuais- 802.11ac/2014) ','Qual o estágio de aderência para esta inovação?'),(161,95,'Expertise /capacidade da Empresa para Inovação – Serviços Avançados','Qual o estágio de aderência para esta inovação?'),(162,97,'Gestão de Contratos Operacionais','Como é feita a gestão dos contratos celebrados com parceiros e fornecedores?'),(163,96,'Gestão dos Ativos permanentes Operacionais ','Como é executada a gestão dos ativos sob a responsabilidade da operação?'),(164,100,'Registro das informações das operações','Há relatórios periódicos de desempenho e melhorias à operação?'),(165,99,'Periodicidade de emissão de relatórios operacionais','Qual a frequência de emissão dos relatórios referentes às operações?'),(166,90,'Nível de Controle de Acesso ','Qual o nível de controle de acesso implementado na rede?'),(167,90,'Controle de Conexão ','Qual o nível de controle de conexão?'),(168,102,'Identificação de ruído','A gerencia de rede consegue identificar ruídos que degradem o serviço?'),(169,102,'Interferência de redes','A gerencia de rede consegue identificar interferências que degradem o serviço?'),(170,105,'jy','jy');
/*!40000 ALTER TABLE `aspecto` ENABLE KEYS */;
UNLOCK TABLES;

--
-- Table structure for table `avaliacao`
--

DROP TABLE IF EXISTS `avaliacao`;
/*!40101 SET @saved_cs_client     = @@character_set_client */;
/*!40101 SET character_set_client = utf8 */;
CREATE TABLE `avaliacao` (
  `id` int(11) NOT NULL AUTO_INCREMENT,
  `codigo` varchar(5) DEFAULT NULL,
  `titulo` varchar(100) DEFAULT NULL,
  `tipo_avaliacao_id` int(11) NOT NULL,
  `responsavel` varchar(100) DEFAULT NULL,
  `objetivo` text,
  `objeto_id` int(11) NOT NULL,
  `tipo_abordagem_id` int(11) NOT NULL,
  `tipo_resultado_id` int(11) NOT NULL,
  `nivel_consciencia` varchar(100) DEFAULT NULL,
  `circunstancia_realizacao` varchar(100) DEFAULT NULL,
  `sujeito_pesquisa` text,
  `afetado` text,
  `agente_transformacao` text,
  `avaliacao_inovadora` tinyint(1) DEFAULT NULL,
  `testado` tinyint(1) DEFAULT NULL,
  `divulgacao` text,
  `universo_id` int(11) NOT NULL,
  `amostra_id` int(11) NOT NULL,
  `proprietario_id` int(11) NOT NULL,
  PRIMARY KEY (`id`),
  UNIQUE KEY `codigo` (`codigo`),
  KEY `fk_avaliacao_tipo_avaliacao1` (`tipo_avaliacao_id`),
  KEY `fk_avaliacao_tipo_abordagem1` (`tipo_abordagem_id`),
  KEY `fk_avaliacao_tipo_resultado1` (`tipo_resultado_id`),
  KEY `fk_avaliacao_objeto1` (`objeto_id`),
  KEY `fk_avaliacao_universo1` (`universo_id`),
  KEY `fk_avaliacao_amostra1` (`amostra_id`),
  CONSTRAINT `fk_avaliacao_amostra1` FOREIGN KEY (`amostra_id`) REFERENCES `amostra` (`id`) ON DELETE NO ACTION ON UPDATE NO ACTION,
  CONSTRAINT `fk_avaliacao_objeto1` FOREIGN KEY (`objeto_id`) REFERENCES `objeto` (`id`) ON DELETE NO ACTION ON UPDATE NO ACTION,
  CONSTRAINT `fk_avaliacao_tipo_abordagem1` FOREIGN KEY (`tipo_abordagem_id`) REFERENCES `tipo_abordagem` (`id`) ON DELETE NO ACTION ON UPDATE NO ACTION,
  CONSTRAINT `fk_avaliacao_tipo_avaliacao1` FOREIGN KEY (`tipo_avaliacao_id`) REFERENCES `tipo_avaliacao` (`id`) ON DELETE NO ACTION ON UPDATE NO ACTION,
  CONSTRAINT `fk_avaliacao_tipo_resultado1` FOREIGN KEY (`tipo_resultado_id`) REFERENCES `tipo_resultado` (`id`) ON DELETE NO ACTION ON UPDATE NO ACTION,
  CONSTRAINT `fk_avaliacao_universo1` FOREIGN KEY (`universo_id`) REFERENCES `universo` (`id`) ON DELETE NO ACTION ON UPDATE NO ACTION
) ENGINE=InnoDB AUTO_INCREMENT=23 DEFAULT CHARSET=latin1;
/*!40101 SET character_set_client = @saved_cs_client */;

--
-- Dumping data for table `avaliacao`
--

LOCK TABLES `avaliacao` WRITE;
/*!40000 ALTER TABLE `avaliacao` DISABLE KEYS */;
INSERT INTO `avaliacao` VALUES (1,NULL,'Café na História de Valença',4,'Cesva-FAA','Identificar no imaginário dos moradores de VAlença, a vocação local,o legado do histórico do Café, aprendizado e motivação futura. ',2,2,3,'Estão pouco interessados no processo avaliativo','Bom','Moradores locais, com possibilidades de produção de café, pequenos produtores, comerciantes e pessoas que gostem de café.','A comunidade local, com  a possibilidade de gerar atrativos com base no café, sejam na produção de um café artezanal, no histórico cultural da época, etc.','Pessoas da comunidade que ao participarem do projeto de avaliação e  pesquisa tragam para si a missão de difundir tal proposta de desenvolvimento e mudança.',NULL,1,'Os resultados inicialmente serão divulgados no meio acadêmico, mas deseja-se que de imediato possa haver uma divulgação ampla em eventos e mídias de alta relevância com alcance na comunidade local de transformação e melhorias advindas pelo projeto e seus resultados. ',3,3,1),(2,NULL,'AVALIAÇÃO DE DESEMPENHO',1,'UERJ- FAETEC','IDENTIFICAR O NÍVEL DE RESULTADOS, DIFICULDADES E PROBLEMAS NA REALIZAÇÃO DO PROJETO TECLAC, BENEFÍCIOS E IMPACTOS. ',3,1,1,'Estão interessados no processo avaliativo','Momento ideal','AS PESSOAS DA EQUIPE DE TRABALHO E HIERARQUICAMENTE ENVOLVIDOS.','ALUNOS E PROFESSORES.','COORDENADORES E ESTAGIÁRIOS',NULL,1,'DENTRE OS PARES E SUAS EQUIPES.',4,4,45),(5,'Q23R','Projeto de avaliação da  cidade do Rio de Janeiro',4,'disciplina de avaliação ','Traçar um perfil dos alunos da turma de informática da UERJ , antenados, observadores e comprometidos com a melhoria da qualidade de vida na sociedade.',18,2,1,'Estão interessados no processo avaliativo','Bom','Alunos de curso universitário de bom nível social no centro urbano da cidade. ','Em primeira istância os próprios aluno, com o processo de reflexão. Na sequência, professores e gestores  públicos .','Os próprios alunos, professores e gestores  públicos .',NULL,1,'Nos cursos da Universidade,  como exercício de avaliação e reflexão de postura. ',16,12,45),(8,NULL,'PROJETO TECLAC',3,'INOVUERJ','AVALIAÇÃO DO PROCESSO REALIZADO EM 2012 PARA PROMOVER MELHORIAS NO EDITAL 2013',25,6,1,'Est&#65533;o interessados no processo avaliativo','Momento ideal','SÃO AS PESSOAS QUE DECIDEM E PARTICIPAM DO PROCESSO DE SELEÇÃO E INSCRIÇÃO DO PROJETO TECLAC','o LABORATÓRIO DA UERJ E O ALUNO DA FAETEC - ESTAGIÁRIO.','INOVUERJ - FAETEC E O LABORATÓRIO DA UERJ.',NULL,1,'DIVULGAÇÃO INTERNA AO PARCEIROS - UERJ E FAETEC',20,16,45),(9,NULL,'Transportes município RJ 2012.2',4,'Vinicius Baeta','Avaliar a infraestrutura de transporte do município do Rio de Janeiro, visando obter o entendimento de quão bem a cidade está preparada para receber eventos de grande porte e propor soluções, se pertinente.',26,6,1,'Estão pouco interessados no processo avaliativo','Bom','Usuários do sistema ferroviário da região metropolitana do estado do Rio de Janeiro.','Qualquer cidadão que utilize os transportes ferroviários da região metropolitana do Rio de Janeiro.','GrupoDois - Turma de Avaliação e Inovação 2012.2',NULL,1,'O processo de avaliação será comunicado as pessoas pertencentes à amostra por email, tornando-as cientes do processo de avaliação, da importância de cada um ao responder às perguntas propostas, como se dará o processo, o porque da avaliação e para que, assim como os possíveis resultados e como os benefícios poderão ser implantados.',21,17,44),(10,NULL,'Avaliação do curso Ciência da computação da UERJ',4,'AVIME','Avaliar o curso de ciência da computação da UERJ.',29,4,1,'Estão interessados no processo avaliativo','Bom','Alunos do curso da Ciência da Computação da UERJ.','Infra-estrutura, professores, disciplinas da UERJ','IME - UERJ',NULL,1,'',26,19,46),(11,NULL,'SEGTRANS',4,'GrupoUm','O objetivo da avaliação é analisar a qualidade dos serviços públicos de transporte e segurança ministrados na cidade do Rio de Janeiro, a partir do ponto de vista do cidadão carioca.',28,4,3,'Est&#65533;o interessados no processo avaliativo','Bom','Pessoas que utilizam diariamente diferentes meios de transporte público e que se sentem inseguras ao transitar pela cidade.','A população da cidade do Rio de Janeiro como um todo.','As secretarias de segurança e transporte da cidade do Rio de Janeiro.\r\n\r\n\r\n\r\n\r\n\r\n\r\n\r\n\r\n\r\n\r\n\r\n\r\n\r\n\r\n\r\n\r\n\r\n\r\n\r\n\r\n\r\n\r\n\r\n\r\n\r\n',NULL,1,'Via internet e de maneira visual no local onde foi realizada a pesquisa.\r\n',24,18,45),(13,NULL,'MONITORAMENTO E AVALIAÇÃO TECLAC 2012',1,'INOVUERJ','MONITORAMENTO E ACOMPANHAMENTO DO DESEMPENHO DOS ALUNOS FAETEC NOS LABORATÓRIOS DA UERJ, COM VISTAS AO APRIMORAMENTO E CORREÇÃO DE RUMOS DO PROGRAMA TECLAC.',35,7,1,'Estão interessados no processo avaliativo','Momento ideal','ALUNOS ESTAGIÁRIOS FAETEC NOS LABORATÓRIOS DA UERJ E OS ORIENTADORES DOS ALUNOS NOS LABORATÓRIOS  SELECIONADOS PELO PROJETO TECLAC.','ALUNOS ESTAGIÁRIOS FAETEC , OS ORIENTADORES DOS ALUNOS E A COMUNIDADE ACADÊMICA EM GERAL.\r\n','EQUIPE DO INOVUERJ, SR2 E COORDENADORES DOS LABORATÓRIOS.',NULL,1,'A DIVULGAÇÃO SERÁ FEITA ATRAVÉS DE CIRCULARES IMPRESSAS, SITE DO DEPARTAMENTO E EMAIL PARA DIRETORES, COORDENADORES E ALUNOS.',29,22,45),(22,'tel01','Avaliação e construção de indicadores da rede sem fio no Rio de Janeiro',4,'Marinilza','Construir indicadores de qualidade da rede sem fio no Estado do Rio de Janeiro.\r\nEstratégia: \r\n1 - Plano de Avaliação para identificação de critérios de indicadores. \r\n2 - Pesquisa avaliativa em 4 amostras:\r\n•	Grande Evento (Maracanã)\r\n•	Interior do Estado (Mauá)\r\n•	Grande Via (Av. Vieira Souto)\r\n•	Comunidade (Santa Marta)\r\n3 - Construção de Indicadores apresentados.\r\n',48,7,1,'Estão interessados no processo avaliativo','Momento ideal','Serviço de rede sem fio do Estado do Rio de Janeiro.','Sociedade do Estado do Rio de Janeiro','Secretaria de ciência e tecnologia do RJ.',NULL,1,'Através do relatório final.',45,32,1);
/*!40000 ALTER TABLE `avaliacao` ENABLE KEYS */;
UNLOCK TABLES;

--
-- Table structure for table `avaliacao_usuario`
--

DROP TABLE IF EXISTS `avaliacao_usuario`;
/*!40101 SET @saved_cs_client     = @@character_set_client */;
/*!40101 SET character_set_client = utf8 */;
CREATE TABLE `avaliacao_usuario` (
  `id` int(11) NOT NULL AUTO_INCREMENT,
  `usuario_id` int(11) NOT NULL,
  `avaliacao_id` int(11) NOT NULL,
  PRIMARY KEY (`id`),
  KEY `fk_avaliacao_usuario_usuario1` (`usuario_id`),
  KEY `fk_avaliacao_usuario_avaliacao1` (`avaliacao_id`),
  CONSTRAINT `fk_avaliacao_usuario_avaliacao1` FOREIGN KEY (`avaliacao_id`) REFERENCES `avaliacao` (`id`) ON DELETE NO ACTION ON UPDATE NO ACTION,
  CONSTRAINT `fk_avaliacao_usuario_usuario1` FOREIGN KEY (`usuario_id`) REFERENCES `usuario` (`id`) ON DELETE NO ACTION ON UPDATE NO ACTION
) ENGINE=InnoDB AUTO_INCREMENT=263 DEFAULT CHARSET=latin1;
/*!40101 SET character_set_client = @saved_cs_client */;

--
-- Dumping data for table `avaliacao_usuario`
--

LOCK TABLES `avaliacao_usuario` WRITE;
/*!40000 ALTER TABLE `avaliacao_usuario` DISABLE KEYS */;
INSERT INTO `avaliacao_usuario` VALUES (261,4,22),(262,6,22);
/*!40000 ALTER TABLE `avaliacao_usuario` ENABLE KEYS */;
UNLOCK TABLES;

--
-- Table structure for table `categoria`
--

DROP TABLE IF EXISTS `categoria`;
/*!40101 SET @saved_cs_client     = @@character_set_client */;
/*!40101 SET character_set_client = utf8 */;
CREATE TABLE `categoria` (
  `id` int(11) NOT NULL AUTO_INCREMENT,
  `dimensao_id` int(11) NOT NULL,
  `nome` varchar(200) DEFAULT NULL,
  PRIMARY KEY (`id`),
  KEY `fk_categoria_dimensao1` (`dimensao_id`),
  CONSTRAINT `fk_categoria_dimensao1` FOREIGN KEY (`dimensao_id`) REFERENCES `dimensao` (`id`) ON DELETE NO ACTION ON UPDATE NO ACTION
) ENGINE=InnoDB AUTO_INCREMENT=65 DEFAULT CHARSET=latin1;
/*!40101 SET character_set_client = @saved_cs_client */;

--
-- Dumping data for table `categoria`
--

LOCK TABLES `categoria` WRITE;
/*!40000 ALTER TABLE `categoria` DISABLE KEYS */;
INSERT INTO `categoria` VALUES (1,4,'categoria testesheila2'),(2,5,'teste'),(3,6,'teste'),(4,2,'caetgoria1'),(5,7,'ABRANGÊNCIA'),(6,7,'EFICÁCIA'),(7,7,'COMPROMISSO'),(8,8,'Abrangência'),(9,8,'Eficácia'),(10,8,'Qualidade'),(11,9,'Acesso'),(12,9,'Qualidade'),(13,12,'Rodoviário'),(14,12,''),(15,12,'Ferroviário'),(16,13,'METODOLOGIA DE ENSINO'),(18,14,'Monitoramento'),(20,14,'Policiamento'),(22,11,'SALAS DE AULA'),(23,11,'BANHEIRO'),(24,11,'BEBEDOUROS'),(25,11,'LABORATORIO'),(27,11,'BIBLIOTECA'),(28,15,'GRADUAÇÃO'),(33,13,'CORPO DOCENTE'),(34,10,'Acesso'),(35,10,'Qualidade'),(36,19,''),(39,15,'FUNCIONÁRIOS'),(40,21,'ASSIDUIDADE-PRESENÇA'),(41,21,'COMPROMISSO'),(42,21,'PRODUTIVIDADE'),(43,21,'NÍVEL DE DESEMPENHO'),(44,21,'NÍVEL DE CRIATIVIDADE'),(45,22,'Prazo de entrega dos documentos'),(47,26,'teste'),(48,26,'lala'),(49,27,'Habilidades Funcionais'),(50,27,'Habilidades Técnicas (Expectativa esperada  pela empresa)'),(51,28,'Atualização tecnológica pela operadora'),(52,28,'Monitoramento da operação'),(53,28,'Relatórios Periódicos de desempenho'),(54,29,'Disponibilidade do serviço'),(55,29,'Gerencia Operacional'),(56,29,'Qualidade de serviço'),(57,30,'Atualização Tecnológica '),(58,30,'Monitoramento da operação'),(59,30,'Relatórios Periódicos de desempenho e melhorias'),(60,31,'Disponibilidade do serviço em rede'),(61,31,'Gerência operacional'),(62,31,'Qualidade do serviço'),(64,32,'teste');
/*!40000 ALTER TABLE `categoria` ENABLE KEYS */;
UNLOCK TABLES;

--
-- Table structure for table `criterio`
--

DROP TABLE IF EXISTS `criterio`;
/*!40101 SET @saved_cs_client     = @@character_set_client */;
/*!40101 SET character_set_client = utf8 */;
CREATE TABLE `criterio` (
  `id` int(11) NOT NULL AUTO_INCREMENT,
  `aspecto_id` int(11) NOT NULL,
  `tipo_nivel_id` int(11) NOT NULL,
  `descricao` text,
  `nivel_id` int(11) NOT NULL,
  PRIMARY KEY (`id`),
  KEY `fk_criterios_aspectos1` (`aspecto_id`),
  KEY `fk_criterio_nivel1` (`tipo_nivel_id`),
  KEY `fk_criterio_nivel2` (`nivel_id`),
  CONSTRAINT `fk_criterios_aspectos1` FOREIGN KEY (`aspecto_id`) REFERENCES `aspecto` (`id`) ON DELETE NO ACTION ON UPDATE NO ACTION,
  CONSTRAINT `fk_criterio_nivel1` FOREIGN KEY (`tipo_nivel_id`) REFERENCES `tipo_nivel` (`id`) ON DELETE NO ACTION ON UPDATE NO ACTION,
  CONSTRAINT `fk_criterio_nivel2` FOREIGN KEY (`nivel_id`) REFERENCES `nivel` (`id`) ON DELETE NO ACTION ON UPDATE NO ACTION
) ENGINE=InnoDB AUTO_INCREMENT=681 DEFAULT CHARSET=latin1;
/*!40101 SET character_set_client = @saved_cs_client */;

--
-- Dumping data for table `criterio`
--

LOCK TABLES `criterio` WRITE;
/*!40000 ALTER TABLE `criterio` DISABLE KEYS */;
INSERT INTO `criterio` VALUES (1,1,1,'1',1),(2,1,1,'2',2),(3,1,1,'3',3),(4,1,1,'4',4),(5,2,1,'a',1),(6,2,1,'b',2),(7,2,1,'c',3),(8,2,1,'d',4),(9,3,1,'Quando existe um posto a cada 2 quarteirões ou 1 Km.',1),(10,3,1,'Quando existe mais de um posto no Bairro.',2),(11,3,1,'Quando existe apenas um posto no Bairro.',3),(12,3,1,'Quando não existe nenhum posto no Bairro.',4),(13,4,1,'Quando existe uma viatura em cada cruzamento do Bairro.',1),(14,4,1,'Quando existe mais de uma viatura no Bairro.',2),(15,4,1,'Quando existe apenas uma viatura no Bairro.',3),(16,4,1,'Quando n&#65533;o existe nenhuma viatura no Bairro.',4),(17,5,1,'Quando existe, no posto de policiamento  um policial de combate para cada 100 habitantes, do Bairro.\r\n',1),(18,5,1,'Quando existe, no posto de policiamento  um policial de combate para cada 400 habitantes, do Bairro.',2),(19,5,1,'Quando existe, no posto de policiamento  um policial de combate para cada 600 habitantes, do Bairro.',3),(20,5,1,'Quando  existe apenas um pequeno grupo ou nenhum,   policial de combate para todo o Bairro.',4),(21,6,1,'Quando existem policiais de ronda em todas as ruas do Bairro.',1),(22,6,1,'Quando existem policiais de ronda em mais da metade das ruas do Bairro.',2),(23,6,1,'Quando existem policiais de ronda em menos da metade das ruas do Bairro.',3),(24,6,1,'Quando não existem policiais de ronda nas ruas do Bairro.',4),(25,7,3,'Quando ocorre menos de um evento por dia no bairro.',9),(26,7,3,'Quando ocorre um evento a cada dois dias no bairro.',10),(27,7,3,'Quando ocorre um evento por dia no bairro.',11),(28,7,3,'Quando ocorre mais de quatro eventos por dia no bairro.',12),(29,8,3,'Quando todos os casos ocorridos no bairro são resolvidos.',9),(30,8,3,'Quando mais da metade dos casos ocorridos no bairro são resolvidos.',10),(31,8,3,'Quando 10% dos casos ocorridos no bairro são resolvidos.',11),(32,8,3,'Quando nenhum dos casos ocorridos no bairro são resolvidos.',12),(33,9,3,'Quando ocorre menos de um evento por dia no bairro.',9),(34,9,3,'Quando ocorre um evento a cada dois dias no bairro.',10),(35,9,3,'Quando ocorre um evento por dia no bairro.',11),(36,9,3,'Quando ocorre mais de quatro eventos por dia no bairro.',12),(37,10,3,'Quando todos os casos ocorridos no bairro são resolvidos.',9),(38,10,3,'Quando mais da metade dos casos ocorridos no bairro são resolvidos.',10),(39,10,3,'QUando 10% dos casos ocorridos no bairro são resolvidos.',11),(40,10,3,'Quando nenhum dos casos ocorridos no bairro são resolvidos.',12),(41,11,3,'Quando menos de um evento por dia no bairro.',9),(42,11,3,'Quando ocorre um evento a cada dois dias no bairro.',10),(43,11,3,'Quando ocorre um evento por dia no bairro.',11),(44,11,3,'Quando ocorre mais de quatro eventos por dia no bairro.',12),(45,12,3,'Quando todos os casos ocorridos no bairro são resolvidos.',9),(46,12,3,'Quando mais da metade dos casos ocorridos no bairro são resolvidos.',10),(47,12,3,'Quando 10% dos casos ocorridos no bairro são resolvidos.',11),(48,12,3,'Quando nenhum dos casos ocorridos no bairro são resolvidos.',12),(49,13,3,'Quando ocorre menos de um evento por dia no bairro.',9),(50,13,3,'Quando ocorre um evento a cada dois dias no bairro.',10),(51,13,3,'Quando ocorre um evento por dia no bairro.',11),(52,13,3,'Quando ocorre mais de quatro eventos por dia no bairro.',12),(53,14,3,'Quando todos os casos ocorridos no bairro são resolvidos.',9),(54,14,3,'Quando mais da metade dos casos ocorridos no bairro são resolvidos.',10),(55,14,3,'Quando 10% dos casos ocorridos no bairro são resolvidos.',11),(56,14,3,'Quando nenhum dos casos ocorridos no bairro são resolvidos.',12),(57,15,1,'Quando todos os meios de comunicação são utilizados.',1),(58,15,1,'Quando quase todos os meios de comunicação são utilizados.',2),(59,15,1,'Quando poucos meios de comunicação são utilizados.',3),(60,15,1,'Quando só um meio de comunicação (telefone) é utilizado.',4),(61,16,1,'Quando o atendimento é ótimo.',1),(62,16,1,'Quando o atendimento é regular.',2),(63,16,1,'Quando o atendimento é ruim.',3),(64,16,1,'Quando nunca atendem.',4),(65,17,3,'Quando a resposta da ação é imediata.',9),(66,17,3,'Quando a resposta da ação é lenta.',10),(67,17,3,'Quando a resposta da ação é muito lenta.',11),(68,17,3,'Quando não há resposta de ação.',12),(69,18,1,'Quando a solução sempre acontece.',1),(70,18,1,'Quando a solução acontece muitas vezes.',2),(71,18,1,'Quando a solução acontece poucas vezes.',3),(72,18,1,'Quando a solução nunca acontece.',4),(73,19,1,'Quando todos os bairros estão ligados entre si.',1),(74,19,1,'Quando quase todos os bairros estão ligados entre si.',2),(75,19,1,'Quando poucos bairros estão ligados entre si.',3),(76,19,1,'Quando muitos poucos bairros estão ligados entre si.',4),(77,20,1,'Quando todos os bairros estão ligados com o centro.',1),(78,20,1,'Quando quase todos os bairros estão ligados com o centro.',2),(79,20,1,'Quando poucos bairros estão ligados com o centro.',3),(80,20,1,'Quando muitos poucos bairros estão ligados com o centro.',4),(81,21,1,'Quando todos os bairros estão ligados pelo metrô.',1),(82,21,1,'Quando quase todos os bairros esão ligados pelo metrô.',2),(83,21,1,'Quando poucos bairros estão ligados pelo metrô.',3),(84,21,1,'Quando muito poucos bairros estão ligados pelo metrô.',4),(85,22,1,'Quando todos os bairros estão ligados pelo trem.',1),(86,22,1,'Quando quase todos os bairros estão ligados pelo trem.',2),(87,22,1,'Quando poucos bairros estão ligados pelo trem.',3),(88,22,1,'Quando muito poucos bairros estão ligados pelo trem.',4),(89,23,1,'Quando todos os bairros estão ligados pelo ônibus.',1),(90,23,1,'Quando quase todos os bairros estão ligados pelo ônibus.',2),(91,23,1,'Quando poucos bairros estão ligados pelo ônibus.',3),(92,23,1,'Quando muito poucos bairros estão ligados pelo ônibus.',4),(93,24,1,'Quando todos os bairros estão ligados pela van.',1),(94,24,1,'Quando quase todos os bairros estão ligados pela van.',2),(95,24,1,'Quando poucos bairros estão ligados pela van.',3),(96,24,1,'Quando muito poucos bairros estão ligados pela van.',4),(97,25,1,'Quando todos os bairros estão ligados pela barca.',1),(98,25,1,'Quando todos os bairros estão ligados pela barca.',2),(99,25,1,'Quando poucos bairros estão ligados pela barca.',3),(100,25,1,'QUando muito poucos bairros estão ligados pela barca.',4),(101,26,1,'Quando o número de transporte em circulação atende totalmente à população.',1),(102,26,1,'Quando o número de transporte em circulação atende razoavelmente à população.',2),(103,26,1,'Quando o número de transporte em circulação atende precariamente à população.',3),(104,26,1,'Quando o número de transporte em circulação não atende à população.',4),(105,27,1,'Quando a tarifa do transporte em circulaçao atende totalmente à população.',1),(106,27,1,'Quando a tarifa do transporte em circulaçao atende razoavelmente à população.',2),(107,27,1,'Quando a tarifa do transporte em circulaçao atende precariamente à população.',3),(108,27,1,'Quando a tarifa do transporte em circulaçao não atende à população.',4),(109,28,1,'Quando o conforto do transporte em circulação atende totalmente à população.',1),(110,28,1,'Quando o conforto do transporte em circulação atende razoavelmente à população.',2),(111,28,1,'Quando o conforto do transporte em circulação atende precariamente à população.',3),(112,28,1,'Quando o conforto do transporte em circulação não atende à população.',4),(113,29,1,'Quando a limpeza do transporte em circulaçao atende totalmente à populaçao.',1),(114,29,1,'Quando a limpeza do transporte em circulaçao atende razoavelmente à populaçao.',2),(115,29,1,'Quando a limpeza do transporte em circulaçao atende precariamente à populaçao.',3),(116,29,1,'Quando a limpeza do transporte em circulaçao não atende à populaçao.',4),(117,30,1,'Quando o horário do transporte em circulaçao atende totalmente à população.',1),(118,30,1,'Quando o horário do transporte em circulaçao atende razoavelmente à população.',2),(119,30,1,'Quando o horário do transporte em circulaçao atende precariamente à população.',3),(120,30,1,'Quando o horário do transporte em circulaçao não atende à população.',4),(121,31,1,'Quando a segurança do transporte em circulação atende totalmente à população.',1),(122,31,1,'Quando a segurança do transporte em circulação atende razoavelmente à população.',2),(123,31,1,'Quando a segurança do transporte em circulação atende precariamente à população.',3),(124,31,1,'Quando a segurança do transporte em circulação não atende à população.',4),(125,32,1,'A temperatura sempre está agradável, nem muito fria nem muito quente',1),(126,32,1,'A temperatura quase sempre está agradável',2),(127,32,1,'A temperatura raramente está agradável',3),(128,32,1,'A temperatura nunca está agradável',4),(129,33,1,'Sempre que utilizo o metrô',1),(130,33,1,'Com bastante frequência',2),(131,33,1,'Raramente',3),(132,33,1,'Nunca',4),(133,34,1,'Sempre, em todas as estações',1),(134,34,1,'Com bastante frequência, praticamente em todas as estações',2),(135,34,1,'Regularmente, em algumas estações',3),(136,34,1,'Quase nunca ou nunca',4),(137,35,1,'Sempre há equipamentos de segurança e parecem com manutenção em dia',1),(138,35,1,'Quase sempre há equipamentos de segurança bem cuidados',2),(139,35,1,'Regularmente, aparentam boa manutenção',3),(140,35,1,'São raros os equipamentos de segurança e/ou sua manutenção parece precária',4),(141,36,1,'Todas as estações (ou sua maioria) possuem tanto piso tátil quanto placas em braile.',1),(142,36,1,'Existe apenas um dos itens citados acima nas estações: o piso tátil ou placas em braile',2),(143,36,1,'Há equipamentos para auxiliar deficientes visuais, porém sua instalação ou manutenção é precária/errônea',3),(144,36,1,'Não existem nas estações pisos táteis nem placas em braile',4),(145,37,1,'Todas as estações e composições (ou sua maioria) possuem informação visual complementar aos avisos sonoros.',1),(146,37,1,'Algumas estações e composições possuem informação visual complementar aos avisos sonoros, entretanto, esse número é insuficiente',2),(147,37,1,'Há equipamentos para auxiliar deficientes auditivos, porém sua instalação ou manutenção é precária/errônea',3),(148,37,1,'Não existem nas estações e composições sinais luminosos ou letreiros acompanhando os sinais sonoros',4),(149,38,1,'Sim. Em todas as estações',1),(150,38,1,'Sim. Na maioria das estações',2),(151,38,1,'Sim, porém apenas em poucas estações',3),(152,38,1,'Não, não há esses equipamentos nas estações ou os que existem estão quebrados.',4),(153,39,1,'',1),(154,39,1,'',2),(155,39,1,'',3),(156,39,1,'',4),(157,40,1,'Sim. Em todas as estações',1),(158,40,1,'Sim. Na maioria das estações',2),(159,40,1,'Sim, porém apenas em poucas estações',3),(160,40,1,'Não, não há esses equipamentos nas estações ou os que existem estão quebrados.',4),(161,41,1,'Todas as estações (ou sua maioria) possuem tanto piso tátil quanto placas em braile.',1),(162,41,1,'Existe apenas um dos itens citados acima nas estações: o piso tátil ou placas em braile',2),(163,41,1,'Há equipamentos para auxiliar deficientes visuais, porém sua instalação ou manutenção é precária/errônea',3),(164,41,1,'Não existem nas estações pisos táteis nem placas em braile',4),(165,42,1,'Sempre que utilizo o trem',1),(166,42,1,'Com bastante frequência',2),(167,42,1,'Raramente',3),(168,42,1,'Nunca',4),(169,43,1,'A temperatura sempre está agradável, nem muito fria nem muito quente',1),(170,43,1,'A temperatura quase sempre está agradável',2),(171,43,1,'A temperatura raramente está agradável',3),(172,43,1,'A temperatura nunca está agradável',4),(173,44,1,'Sempre há equipamentos de segurança e parecem com manutenção em dia',1),(174,44,1,'Quase sempre há equipamentos de segurança bem cuidados',2),(175,44,1,'Regularmente, aparentam boa manutenção',3),(176,44,1,'São raros os equipamentos de segurança e/ou sua manutenção parece precária',4),(177,45,1,'Sempre, em todas as estações',1),(178,45,1,'Com bastante frequência, praticamente em todas as estações',2),(179,45,1,'Regularmente, em algumas estações',3),(180,45,1,'Quase nunca ou nunca',4),(181,46,1,'',1),(182,46,1,'',2),(183,46,1,'',3),(184,46,1,'',4),(185,47,1,'Todas as estações e composições (ou sua maioria) possuem informação visual complementar aos avisos sonoros.',1),(186,47,1,'Algumas estações e composições possuem informação visual complementar aos avisos sonoros, entretanto, esse número é insuficiente',2),(187,47,1,'Há equipamentos para auxiliar deficientes auditivos, porém sua instalação ou manutenção é precária/errônea',3),(188,47,1,'Não existem nas estações e composições sinais luminosos ou letreiros acompanhando os sinais sonoros',4),(189,48,1,'Quando as ementas n&#65533;o s&#65533;o atualizadas',1),(190,48,1,'Quando as ementas s&#65533;o atualizadas em intervalos de tempo insuficientes',2),(191,48,1,'Quando a ementas s&#65533;o atualizadas de vez em quando',3),(192,48,1,'Quando a ementas s&#65533;o atualizadas regularmente',4),(193,49,1,'Quando as aulas não seguem o programa indicado na ementa',1),(194,49,1,'Quando as aulas seguem o programa indicado na ementa parcialmente',2),(195,49,1,'Quando as aulas seguem o programa indicado na ementa integralmente',3),(196,49,1,'',4),(197,50,1,'Quando a carga horária das disciplinas não é suficiente para que a ementa/cronograma sejam cumpridos',1),(198,50,1,'Quando a carga horária das disciplinas às vezes é suficiente para que a ementa/cronograma sejam cumpridos',2),(199,50,1,'Quando a carga horária das disciplinasquase sempre é suficiente para que a ementa/cronograma sejam cumpridos',3),(200,50,1,'Quando a carga horária das disciplinas sempre é suficiente para que a ementa/cronograma sejam cumpridos',4),(201,51,1,'Quando a estrutura curricular do curso não apresenta resultados nos quesitos: interdisciplinaridade, atualização frente ao mercado de trabalho e facilidade de aplicação da teoria à prática',1),(202,51,1,'Quando a estrutura curricular do curso apresenta resultados insuficientes nos quesitos: interdisciplinaridade, atualização frente ao mercado de trabalho e facilidade de aplicação da teoria à prática',2),(203,51,1,'Quando a estrutura curricular do curso apresenta resultados satisfatórios nos quesitos: interdisciplinaridade, atualização frente ao mercado de trabalho e facilidade de aplicação da teoria à prática',3),(204,51,1,'Quando a estrutura curricular do curso apresenta resultados excelentes nos quesitos: interdisciplinaridade, atualização frente ao mercado de trabalho e facilidade de aplicação da teoria à prática',4),(205,52,1,'Quando até 25% das disciplinas eletivas apresentam êxito em aprofundar ou abranger conhecimentos pertinentes à área da unidade acadêmica',1),(206,52,1,'Quando até 50% das disciplinas eletivas apresentam êxito em aprofundar ou abranger conhecimentos pertinentes à área da unidade acadêmica',2),(207,52,1,'Quando até 75% das disciplinas eletivas apresentam êxito em aprofundar ou abranger conhecimentos pertinentes à área da unidade acadêmica',3),(208,52,1,'Quando todas as disciplinas eletivas apresentam êxito em aprofundar ou abranger conhecimentos pertinentes à área da unidade acadêmica',4),(209,53,1,'Não são comunicadas',1),(210,53,1,'São comunicadas de vez em quando',2),(211,53,1,'São comunicadas de quase sempre',3),(212,53,1,'São comunicadas sempre',4),(213,54,2,'Nunca',8),(214,54,2,'Às vezes ',7),(215,54,2,'Quase sempre ',6),(216,54,2,'Sempre',5),(217,55,2,'Quando até 25% do corpo docente é cientista\r\n',8),(218,55,2,'Quando até 50% do corpo docente é cientista',7),(219,55,2,'Quando até 75% do corpo docente é cientista',6),(220,55,2,'Quando todo o corpo docente é cientista',5),(221,56,2,'Quando até 25% do corpo docente é contratado',8),(222,56,2,'Quando até 50% do corpo docente é contratado',7),(223,56,2,'Quando até 75% do corpo docente é contratado',6),(224,56,2,'Quando todo o corpo docente é contratado',5),(225,57,1,'Quando at&#65533; 25% do corpo docente possui doutorado',1),(226,57,1,'Quando at&#65533; 50% do corpo docente possui doutorado',2),(227,57,1,'Quando at&#65533; 75% do corpo docente possui doutorado',3),(228,57,1,'Quando todo o corpo docente possui doutorado',4),(229,58,1,'Quando at&#65533; 25% do corpo docente possui mestrado',1),(230,58,1,'Quando at&#65533; 50% do corpo docente possui mestrado',2),(231,58,1,'Quando at&#65533; 75% do corpo docente possui mestrado',3),(232,58,1,'Quando todo o corpo docente possui mestrado',4),(233,59,2,'Quando até 25% do corpo docente possui pós-doutorado',8),(234,59,2,'Quando até 50% do corpo docente possui pós-doutorado',7),(235,59,2,'Quando até 75% do corpo docente possui pós-doutorado',6),(236,59,2,'Quando todo o corpo docente possui pós-doutorado',5),(237,60,3,'Nunca',9),(238,60,3,'Às vezes',10),(239,60,3,'Quase sempre',11),(240,60,3,'Sempre',12),(241,61,3,'Quando as avaliações aplicadas pelo professor não condizem com o que foi ministrado em aula',9),(242,61,3,'Quando as avaliações aplicadas pelo professor às vezes não condizem com o que foi ministrado em aula',10),(243,61,3,'Quando as avaliações aplicadas pelo professor sempre condizem com o que foi ministrado em aula',11),(244,61,3,'',12),(245,62,3,'Nunca',9),(246,62,3,'De vez em quando',10),(247,62,3,'Quase sempre',11),(248,62,3,'Sempre',12),(249,63,2,'Quando até 25% do corpo docente é pontual e assíduo às aulas',8),(250,63,2,'Quando até 50% do corpo docente é pontual e assíduo às aulas',7),(251,63,2,'Quando até 75% do corpo docente é pontual e assíduo às aulas',6),(252,63,2,'Quando todo o corpo docente é pontual e assíduo às aulas',5),(253,64,1,'Quando a limpeza dos banheiros nunca é realizada',1),(254,64,1,'Quando a limpeza dos banheiros é realizada em intervalos de tempo insuficientes',2),(255,64,1,'Quando a limpeza dos banheiros é realizada em intervalos de tempo satisfatórios',3),(256,64,1,'Quando a limpeza dos banheiros é realizada em intervalos de tempo mais do que satisfatórios',4),(257,65,1,'Quando o estado dos equipamentos dos banheiros é precário',1),(258,65,1,'Quando os banheiros estão equipados de forma insuficiente para atender às necessidades dos usuários',2),(259,65,1,'Quando os banheiros estão equipados de forma suficiente para atender às necessidades dos usuários',3),(260,65,1,'Quando os banheiros estão equipados de forma excelente para atender às necessidades dos usuários',4),(261,66,1,'Quando não há água nos bebedouros',1),(262,66,1,'Quando a qualidade da água dos bebedouros é ruim',2),(263,66,1,'Quando a qualidade da água dos bebedouros é boa',3),(264,66,1,'',4),(265,67,3,'Nunca',9),(266,67,3,'&#65533;s vezes',10),(267,67,3,'Quase sempre',11),(268,67,3,'Sempre',12),(269,68,1,'A qualidade do acervo n&#65533;o atende &#65533;s exig&#65533;ncias do corpo docente',1),(270,68,1,'A qualidade do acervo atende insuficientemente &#65533;s exig&#65533;ncias do corpo docente',2),(271,68,1,'A qualidade do acervo atende parcialmente &#65533;s exig&#65533;ncias do corpo docente',3),(272,68,1,'A qualidade do acervo atende totalmente &#65533;s exig&#65533;ncias do corpo docente',4),(273,69,1,'Quando o estado de conservação do acervo é precário',1),(274,69,1,'Quando o estado de conservação do acervo é regular',2),(275,69,1,'Quando o estado de conservação do acervo é bom',3),(276,69,1,'Quando o estado de conservação do acervo é excelente',4),(277,70,1,'Ruins',1),(278,70,1,'Regulares',2),(279,70,1,'Boas',3),(280,70,1,'Excelentes',4),(281,71,1,'Quando a iluminação das salas de aula é precária',1),(282,71,1,'Quando a iluminação das salas de aula é insuficiente',2),(283,71,1,'Quando a iluminação das salas de aula é suficiente',3),(284,71,1,'Quando a iluminação das salas de aula é excelente',4),(285,72,1,'Quando não há climatização nas salas de aula',1),(286,72,1,'Quando a climatização das salas de aula é insuficiente',2),(287,72,1,'Quando a climatização das salas de aula é suficiente',3),(288,72,1,'Quando a climatização das salas de aula é excelente',4),(289,73,1,'Quando o estado de conservação das salas de aula é precário',1),(290,73,1,'Quando o estado de conservação das salas de aula é regular',2),(291,73,1,'Quando o estado de conservação das salas de aula é bom',3),(292,73,1,'Quando o estado de conservação das salas de aula é excelente',4),(293,74,1,'Quando as carteiras são desconfortáveis',1),(294,74,1,'Quando a qualidade das carteiras é regular',2),(295,74,1,'Quando a qualidade das carteiras é boa',3),(296,74,1,'Quando a qualidade das carteiras é excelente',4),(297,75,1,'Quando o horário de funcionamento dos laboratórios não atende à necessidade dos alunos',1),(298,75,1,'Quando o horário de funcionamento dos laboratórios atende à necessidade dos alunos de forma insuficiente',2),(299,75,1,'Quando o horário de funcionamento dos laboratórios atende à necessidade dos alunos de forma satisfatória',3),(300,75,1,'Quando o horário de funcionamento dos laboratórios atende à necessidade dos alunos de forma excelente',4),(301,76,2,'Quando até 25% dos computadores suprem as necessidades dos alunos',8),(302,76,2,'Quando até 50% dos computadores suprem as necessidades dos alunos',7),(303,76,2,'Quando até 75% dos computadores suprem as necessidades dos alunos',6),(304,76,2,'Quando todos os computadores suprem as necessidades dos alunos',5),(305,77,2,'Quando até 25% dos computadores possuem internet',8),(306,77,2,'Quando até 50% dos computadores possuem internet',7),(307,77,2,'Quando até 75% dos computadores possuem internet',6),(308,77,2,'Quando todos os computadores possuem internet',5),(309,78,1,'Existem cinco ou mais linhas de ônibus para diferentes bairros e zonas da cidade.',1),(310,78,1,'Existem quatro linhas de ônibus para diferentes bairros e zonas da cidade.',2),(311,78,1,'Existem três linhas de ônibus para diferentes bairros e zonas da cidade.',3),(312,78,1,'Existem duas ou menos linhas de ônibus para diferentes bairros e zonas da cidade.',4),(313,79,1,'Aproximadamente 10 a 15 minutos de pé.',1),(314,79,1,'Aproximadamente 20 a 30 minutos de pé.',2),(315,79,1,'Aproximadamente 45 minutos a 1 hora de pé.',3),(316,79,1,'Mais de 1 hora de pé.',4),(317,80,1,'Em média 10 minutos de espera.',1),(318,80,1,'Em média 20 minutos de espera.',2),(319,80,1,'Em média 30 a 45 minutos de espera.',3),(320,80,1,'Mais de 45 minutos de espera.',4),(321,81,1,'',1),(322,81,1,'',2),(323,81,1,'',3),(324,81,1,'',4),(325,82,1,'Em média 10 minutos de espera.',1),(326,82,1,'Em média 20 minutos de espera.',2),(327,82,1,'Em média 30 a 45 minutos de espera.',3),(328,82,1,'Mais de 45 minutos de espera.\r\n',4),(329,83,1,'Aproximadamente 10 a 15 minutos de pé.',1),(330,83,1,'Aproximadamente 20 a 30 minutos de pé.',2),(331,83,1,'Aproximadamente 45 minutos a 1 hora de pé.',3),(332,83,1,'Mais de 1 hora de pé.',4),(333,84,1,'Aproximadamente 10 minutos de ônibus.',1),(334,84,1,'Entre 10 e 20 minutos de ônibus.',2),(335,84,1,'Mais de 20 minutos de ônibus.',3),(336,84,1,'Não existe nenhuma estação de trem ou metrô próximo da sua casa ou do seu bairro.',4),(337,85,1,'Três cabines ou mais.',1),(338,85,1,'Duas cabines.',2),(339,85,1,'Uma cabine.',3),(340,85,1,'Nenhuma cabine.',4),(341,86,1,'Em aproximadamente 10 minutos.',1),(342,86,1,'Entre 15 e 20 minutos.',2),(343,86,1,'Entre 20 e 35 minutos.',3),(344,86,1,'Mais de 35 minutos.',4),(345,87,1,'Aproximadamente 20 minutos.',1),(346,87,1,'Entre 20 e 30 minutos.',2),(347,87,1,'Entre 30 e 45 minutos.',3),(348,87,1,'Entre 45 minutos e 1 hora.',4),(349,88,1,'Dez ou mais câmeras.',1),(350,88,1,'Entre 6 e 4 câmeras.',2),(351,88,1,'Entre 4 e 2 câmeras.',3),(352,88,1,'Uma câmera ou nenhuma.',4),(353,89,1,'Até 10 minutos após o ocorrido.',1),(354,89,1,'Entre 10 e 20 minutos após o ocorrido.',2),(355,89,1,'Entre 20 e 30 minutos após o ocorrido.',3),(356,89,1,'Não existem câmeras de segurança em seu bairro.',4),(357,90,1,'1 dia útil.',1),(358,90,1,'Entre 2 e 4 dias úteis.',2),(359,90,1,'Entre 4 e 7 dias úteis.',3),(360,90,1,'Não existem câmeras de segurança em seu bairro.',4),(361,91,1,'TODOS OS PROFESSORES DOMINAM OS ASSUNTOS SELECIONADOS',1),(362,91,1,'QUASE TODOS OS PROFESSORES DOMINAM OS ASSUNTOS SELECIONADOS',2),(363,91,1,'A MINORIA DOS PROFESSORES DOMINAM OS ASSUNTOS SELECIONADOS',3),(364,91,1,'NENHUM DOS PROFESSORES DOMINAM OS ASSUNTOS SELECIONADOS',4),(365,92,3,'TODOS OS PROFESSORES CUMPREM A EMENTA',9),(366,92,3,'QUASE TODOS OS PROFESSORES CUMPREM A EMENTA',10),(367,92,3,'A MINORIA DOS PROFESSORES CUMPREM A EMENTA',11),(368,92,3,'NENHUM DOS PROFESSORES CUMPREM A EMENTA',12),(369,93,3,'TODOS OS PROFESSORES CUMPREM A EMENTA',9),(370,93,3,'QUASE TODOS OS PROFESSORES CUMPREM A EMENTA',10),(371,93,3,'A MINORIA DOS PROFESSORES CUMPREM A EMENTA',11),(372,93,3,'NENHUM DOS PROFESSORES CUMPREM A EMENTA',12),(373,94,1,'SEMPRE ENTENDO TUDO QUE É FALADO PELO O PROFESSOR',1),(374,94,1,'QUASE SEMPRE ENTENDO TUDO QUE É FALADO PELO O PROFESSOR',2),(375,94,1,'POUCAS VEZES ENTENDO TUDO QUE É FALADO PELO O PROFESSOR',3),(376,94,1,'NUNCA ENTENDO TUDO QUE É FALADO PELO O PROFESSOR',4),(377,95,1,'SEMPRE ENTENDO TUDO QUE É ESCRITO PELO O PROFESSOR',1),(378,95,1,'QUASE SEMPRE ENTENDO TUDO QUE É ESCRITO PELO O PROFESSOR',2),(379,95,1,'POUCAS VEZES ENTENDO TUDO QUE É ESCRITO PELO O PROFESSOR',3),(380,95,1,'NUNCA ENTENDO TUDO QUE É ESCRITO PELO O PROFESSOR',4),(381,96,1,'TODOS OS PROFESSORES SÃO ASSÍDUOS NAS AULAS',1),(382,96,1,'QUASE TODOS OS PROFESSORES SÃO ASSÍDUOS NAS AULAS',2),(383,96,1,'POUCOS PROFESSORES SÃO ASSÍDUOS NAS AULAS',3),(384,96,1,'NENHUM PROFESSOR É ASSÍDUO NAS AULAS',4),(385,97,1,' 3 OU MAIS',1),(386,97,1,'2',2),(387,97,1,'1',3),(388,97,1,'NENHUM',4),(389,98,1,' 3 OU MAIS',1),(390,98,1,'2',2),(391,98,1,'1',3),(392,98,1,'NENHUM',4),(393,99,1,'3 OU MAIS',1),(394,99,1,'2',2),(395,99,1,'1',3),(396,99,1,'NENHUM',4),(397,100,1,'3 OU MAIS',1),(398,100,1,'2',2),(399,100,1,'1',3),(400,100,1,'NENHUM',4),(401,101,1,'3 OU MAIS',1),(402,101,1,'2',2),(403,101,1,'1',3),(404,101,1,'NENHUM',4),(405,102,1,'3 OU MAIS',1),(406,102,1,'2',2),(407,102,1,'1',3),(408,102,1,'NENHUM',4),(409,103,1,'QUANDO O ALUNO TEM MENOS DE 30% DE PRESENÇA E NÃO DEVE RECEBER A BOLSA DO MÊS. ',1),(410,103,1,'QUANDO O ALUNO TEM MAIS DE 30% E MENOS DE 60% DE PRESENÇA.\r\n\r\n\r\n',2),(411,103,1,'QUANDO O ALUNO TEM MAIS DE 60% E MENOS DE 80% DE PRESENÇA.',3),(412,103,1,'QUANDO O ALUNO TEM 80% DE PRESENÇA OU MAIS.',4),(413,104,1,'Nível de comprometimento muito baixo.',1),(414,104,1,'Nível regular de comprometimento percebido.',2),(415,104,1,'Bom nível de comprometimento',3),(416,104,1,'Excelente nível de comprometimento.',4),(417,105,1,'',1),(418,105,1,'',2),(419,105,1,'',3),(420,105,1,'',4),(421,106,1,'',1),(422,106,1,'',2),(423,106,1,'',3),(424,106,1,'',4),(425,107,1,'Quando o funcionário consegue localizar uma ou mais unidades de informação explícita(s), expressa(s) de forma literal e realiza deduções.',1),(426,107,1,'Quando o funcionário consegue localizar uma ou mais unidades de informação explícita(s), expressa(s) de forma literal.',2),(427,107,1,'Quando o funcionário realiza deduções.',3),(428,107,1,'Quando o funcionário não consegue localizar nem deduzir.',4),(429,108,1,'Quando o funcionário consegue localizar os quatro tipos de informações numéricas.',1),(430,108,1,'Quando o funcionário consegue localizar unidades de medida, data e hora dentre os tipos de informações numéricas',2),(431,108,1,'Quando o funcionário consegue localizar somente unidades de medida dentre os tipos de informações numéricas',3),(432,108,1,'Quando o funcionário não consegue localizar nenhuma informação numérica.',4),(433,109,1,'Quando o funcionário consegue identificar relação entre textos nos quatro itens: referenciação, sinonimia, causa/efeito, parte/todo.\r\n\r\n',1),(434,109,1,'Quando o funcionário consegue identificar relação entre textos nos três itens: referenciação, causa/efeito, parte/todo\r\n\r\n',2),(435,109,1,'Quando o funcionário consegue identificar relação entre textos nos dois itens: causa/efeito, parte/todo\r\n\r\n',3),(436,109,1,'Quando o funcionário não consegue identificar relação entre textos\r\n',4),(437,110,1,'Quando o funcionário consegue integrar códigos, indicadores de quantidade ou ordem, valores monetários e data sempre que necessário.',1),(438,110,1,'Quando o funcionário consegue integrar códigos, indicadores de quantidade ou ordem e data sempre que necessário.',2),(439,110,1,'Quando o funcionário consegue integrar códigos, indicadores de quantidade ou ordem sempre que necessário.',3),(440,110,1,'Quando o funcionário não consegue integrar códigos, indicadores de quantidade ou ordem, valores monetários e data.',4),(441,111,1,'Quando o funcionário reconhece a relação entre o que se mede, a unidade de medida utilizada e a expressão da medida.\r\n\r\n',1),(442,111,1,'Quando o funcionário reconhece a relação entre o que se mede e a expressão da medida.\r\n\r\n',2),(443,111,1,'Quando o funcionário reconhece a relação entre o que se mede, a unidade de medida utilizada.\r\n\r\n',3),(444,111,1,'Quando o funcionário não reconhece a relação entre o que se mede, a unidade de medida utilizada e a expressão da medida.',4),(445,112,1,'Quando o funcionário resolve situações problema envolvendo adição, subtração, multiplicação, divisão.',1),(446,112,1,'Quando o funcionário resolve situações problema envolvendo adição, subtração, multiplicação.',2),(447,112,1,'Quando o funcionário resolve situações problema envolvendo adição, subtração.',3),(448,112,1,'Quando o funcionário não resolve situações problema.',4),(449,113,1,'Quando o funcionário elaborar um texto com introdução, desenvolvimento e conclusão.',1),(450,113,1,'Quando o funcionário elaborar um texto com desenvolvimento e conclusão.',2),(451,113,1,'Quando o funcionário elaborar um texto só com desenvolvimento.',3),(452,113,1,'Quando o funcionário não elabora um texto.',4),(453,114,1,'Quando o funcionário insere, ordena, numera e classifica dados em uma tabela.',1),(454,114,1,'Quando o funcionário insere, ordena e classifica dados em uma tabela.',2),(455,114,1,'Quando o funcionário insere, ordena dados em uma tabela.',3),(456,114,1,'Quando o funcionário não consegue Inserir, ordenar, numerar ou classificar dados em uma tabela.',4),(457,115,1,'Quando o funcionário compara informações com os padrões de conformidade estabelecido e emite parecer.',1),(458,115,1,'Quando o funcionário compara informações com os padrões de conformidade estabelecido e não emite parecer.',2),(459,115,1,'Quando o funcionário não compara informações com os padrões de conformidade estabelecido e emite parecer.',3),(460,115,1,'Quando o funcionário não compara informações com os padrões de conformidade estabelecido e não emite parecer.',4),(461,116,1,'Quando o funcionário compara as proposições do texto, aplicabilidade da prescrição nas rotinas do trabalho e emite parecer.',1),(462,116,1,'Quando o funcionário compara as proposições do texto, não aplica e emite parecer.',2),(463,116,1,'Quando o funcionário não compara as proposições do texto, não aplica e emite parecer. ',3),(464,116,1,'Quando o funcionário não compara, não aplica e nem emite parecer.',4),(465,117,1,'Quando o funcionário identifica e intervem na busca dos dados suficientes e/ou consistentes para a solução de um problema.',1),(466,117,1,'Quando o funcionário apenas identifica os dados suficientes e/ou consistentes para a solução de um problema.',2),(467,117,1,'Quando o funcionário identifica apenas a suficiência dos dados, mas não a consistência para a solução de um problema.',3),(468,117,1,'Quando o funcionário não identifica e não intervem na busca dos dados suficientes e/ou consistentes para a solução de um problema.',4),(469,118,1,'Quando o funcionário consegue realizar a tarefa em uma única vez.',1),(470,118,1,'Quando o funcionário consegue realizar a tarefa duas vezes dentro do prazo.',2),(471,118,1,'Quando o funcionário consegue realizar a tarefa em mais vezes fora do prazo.',3),(472,118,1,'Não consegue realizar a tarefa.',4),(473,119,1,'Quando o funcionário consegue realizar a tarefa com o custo exato dos insumos previsto',1),(474,119,1,'Quando o funcionário consegue realizar a tarefa com custo adicional de até 49% do insumo previsto',2),(475,119,1,'Quando o funcionário consegue realizar a tarefa com custo adicional de 50% a 79% do insumo previsto.',3),(476,119,1,'Quando o funcionário consegue realizar a tarefa com custo adicional de 49% do insumo previsto.',4),(477,120,1,'Quando o funcionário consegue realizar as tarefas antes do prazo estabelecido de 80% a 100% das vezes.',1),(478,120,1,'Quando o funcionário consegue realizar as tarefas no prazo estabelecido de 80% a 100% das vezes.',2),(479,120,1,'Quando o funcionário consegue realizar as tarefas no prazo estabelecido de 40% a 79% das vezes.',3),(480,120,1,'Quando o funcionário não consegue realizar as tarefas no prazo.',4),(481,121,1,'Quando o funcionário consegue cumprir 80% a 100% das metas estabelecidas.',1),(482,121,1,'Quando o funcionário consegue cumprir 50% a 79% das metas estabelecidas.',2),(483,121,1,'Quando o funcionário consegue cumprir 30% a 49% das metas estabelecidas',3),(484,121,1,'Quando o funcionário consegue cumprir menos de 30% das metas estabelecidas.',4),(485,122,3,'Acima de 70% o sinal estava Bom',9),(486,122,3,'Entre 69% e 40%',10),(487,122,3,'Entre 39% e 10%',11),(488,122,3,'menos de 10%',12),(489,123,1,'menos de 1 minuto',1),(490,123,1,'mais de 2 minutos',2),(491,123,1,'Mais de 5 minutos',3),(492,123,1,'nao fui atendido',4),(493,124,1,'nenhuma',1),(494,124,1,'entre 1 e 3',2),(495,124,1,'entre 4 e 7',3),(496,124,1,'entre 8 e 10',4),(497,125,1,'igual ou superior a 95% de disponibilidade do serviço',1),(498,125,1,'entre 90 e 94% de disponibilidade do serviço',2),(499,125,1,'entre 85 e 89% de disponibilidade do serviço',3),(500,125,1,'abaixo de 85% de disponibilidade de serviço',4),(501,126,1,'Quando a velocidade de conexão entre o dispositivo e a interface aérea for igual ou superior a 100% do valor de projeto.',1),(502,126,1,'Quando a velocidade de conexão entre o dispositivo e a interface aérea for entre 81 e 99% do valor de projeto.',2),(503,126,1,'Quando a velocidade de conexão entre o dispositivo e a interface aérea for entre 61 e 80% do valor de projeto.',3),(504,126,1,'Quando a velocidade de conexão entre o dispositivo e a interface aérea for igual ou inferior a 60% do valor de projeto.',4),(505,127,1,'Quando a velocidade entre o dispositivo final do usuário e o core da rede for superior a 100% do valor de projeto.',1),(506,127,1,'Quando a velocidade entre o dispositivo final do usuário e o core da rede for entre 81 e 99% do valor de projeto.',2),(507,127,1,'Quando a velocidade entre o dispositivo final do usuário e o core da rede for entre 61 e 80% do valor de projeto.',3),(508,127,1,'Quando a velocidade entre o dispositivo final do usuário e o core da rede for igual ou inferior a 60% do valor de projeto.',4),(509,128,1,'Quando a velocidade entre o dispositivo final do usuário e algum servidor de referência na internet for superior a 100% do valor de projeto',1),(510,128,1,'Quando a velocidade entre o dispositivo final do usuário e algum servidor de referência na internet atingir 80% do valor de projeto',2),(511,128,1,'Quando a velocidade entre o dispositivo final do usuário e algum servidor de referência na internet atingir 70% do valor de projeto',3),(512,128,1,'Quando a velocidade entre o dispositivo final do usuário e algum servidor de referência na internet for abaixo de 60% do valor de projeto',4),(513,129,1,'Quando o jitter na interface aérea atingir 50% do valor de projeto.',1),(514,129,1,'Quando o jitter na interface aérea atingir 70% do valor de projeto.',2),(515,129,1,'Quando o jitter na interface aérea atingir 90% do valor de projeto.',3),(516,129,1,'Quando o jitter na interface aérea for abaixo de 100% do valor de projeto.',4),(517,130,1,'Quando o Jitter entre o dispositivo final do usuário e o core da rede atingir 50% do valor projetado.',1),(518,130,1,'Quando o Jitter entre o dispositivo final do usuário e o core da rede atingir 70% do valor projetado.',2),(519,130,1,'Quando o Jitter entre o dispositivo final do usuário e o core da rede atingir 90% do valor projetado.',3),(520,130,1,'Quando o Jitter entre o dispositivo final do usuário e o core da rede for superior a 100% do valor projetado.',4),(521,131,1,'Quando o Jitter entre o dispositivo final do usuário e algum servidor de referência na internet for abaixo de 50% do valor projetado.',1),(522,131,1,'Quando o Jitter entre o dispositivo final do usuário e o servidor de referência na internet atingir 70% do valor projetado.',2),(523,131,1,'Quando o Jitter entre o dispositivo final do usuário e algum servidor de referência na internet atingir 90% do valor projetado.',3),(524,131,1,'Quando o Jitter entre o dispositivo final do usuário e algum servidor de referência na internet for superior 100% do valor projetado.',4),(525,132,1,'Quando o nível de sinal estiver acima de -67 dBm.',1),(526,132,1,'Quando o nível de sinal estiver entre -71 e -68 dBm.',2),(527,132,1,'Quando o nível de sinal estiver entre -76 e -72 dBm.',3),(528,132,1,'Quando o nível de sinal estiver abaixo de -77 dBm.',4),(529,133,1,'Quando atingir 100%.',1),(530,133,1,'Quando atingir 95%.',2),(531,133,1,'Quando atingir 90%.',3),(532,133,1,'Quando for abaixo de 90%.',4),(533,134,1,'Atende a mais de 95% do que foi determinado no SLA.',1),(534,134,1,'Atende a mais de 90 até 95% do que foi determinado no SLA.',2),(535,134,1,'Atende a mais de 80 até 90% do que foi determinado no SLA.',3),(536,134,1,'Atende a menos de 80% do estabelecido no SLA.',4),(537,135,1,'Atende ao determinado no SLA em mais de 95%.',1),(538,135,1,'Atende a mais de 90 a 95% do que foi determinado no SLA.',2),(539,135,1,'Atende de 80 a até 90% do que foi determinado no SLA.',3),(540,135,1,'Atende a menos de 80% do estabelecido no SLA.',4),(541,136,1,'Redundância total: Serviço, link, equipamento e atendendo aos requisitos do SLA acordado.',1),(542,136,1,'Redundância de link e mais de 75% de cobertura de projeto atendendo aos requisitos do SLA acordado..  ',2),(543,136,1,'Recuperação de serviço conforme a SLA.',3),(544,136,1,'Não tem plano de contingência.',4),(545,137,1,'Quando o número de erros entre o dispositivo final do usuário e algum servidor de referência na internet for abaixo de 50% do valor de projeto.',1),(546,137,1,'Quando o número de erros entre o dispositivo final do usuário e algum servidor de referência na internet atingir 70% do valor de projeto. .',2),(547,137,1,'Quando o número de erros entre o dispositivo final do usuário e algum servidor de referência na internet atingir 90% do valor de projeto. ',3),(548,137,1,'Quando o número de erros entre o dispositivo final do usuário e algum servidor de referência na internet for superior a 100% do valor de projeto.',4),(549,138,1,'Quando a quantidade de erros na interface aérea for inferior a 50% do valor de projeto.',1),(550,138,1,'Quando a quantidade de erros na interface aérea atingir 70% do valor de projeto.',2),(551,138,1,'Quando a quantidade de erros na interface aérea atingir 90% do valor de projeto.',3),(552,138,1,'Quando a quantidade de erros na interface aérea for superior a 100% do valor de projeto.',4),(553,139,1,'Quando a quantidade de erros entre o dispositivo final do usuário e o core da rede for inferior a 50% do valor de projeto..',1),(554,139,1,'Quando a quantidade de erros entre o dispositivo final do usuário e o core da rede atingir 70% do valor de projeto.',2),(555,139,1,'Quando a quantidade de erros entre o dispositivo final do usuário e o core da rede atingir 90% do valor de projeto.',3),(556,139,1,'Quando a quantidade de erros entre o dispositivo final do usuário e o core da rede for superior a 100% do valor de projeto.',4),(557,140,1,'',1),(558,140,1,'',2),(559,140,1,'',3),(560,140,1,'',4),(561,141,1,'Quando a latência entre o dispositivo final do usuário e algum servidor de referência na internet for abaixo de 50% do valor de projeto.',1),(562,141,1,'Quando a latência entre o dispositivo final do usuário e algum servidor de referência na internet atingir 70% do valor de projeto.',2),(563,141,1,'Quando a latência entre o dispositivo final do usuário e algum servidor de referência na internet atingir 90% do valor de projeto.',3),(564,141,1,'Quando a latência entre o dispositivo final do usuário e algum servidor de referência na internet for superior a 100% do valor de projeto.',4),(565,142,1,'Quando a latência entre o dispositivo final do usuário e o core da rede atingir 50% do valor de projeto.',1),(566,142,1,'Quando a latência entre o dispositivo final do usuário e o core da rede atingir 70% do valor de projeto.',2),(567,142,1,'Quando a latência entre o dispositivo final do usuário e o core da rede atingir 90% do valor de projeto.',3),(568,142,1,'Quando a latência entre o dispositivo final do usuário e o core da rede for superior a 100% do valor de projeto.',4),(569,143,1,'Quando a latência na interface aérea for inferior a 50% do valor de projeto.',1),(570,143,1,'Quando a latência na interface aérea atingir 70% do valor de projeto.',2),(571,143,1,'Quando a latência na interface aérea atingir a 90% do valor de projeto.',3),(572,143,1,'Quando a latência na interface aérea for superior a 100% do valor de projeto.',4),(573,144,1,'Quando a perda de pacotes entre o dispositivo final do usuário e algum servidor de referência na internet for abaixo de 50% do valor de projeto.',1),(574,144,1,'Quando a perda de pacotes entre o dispositivo final do usuário e algum servidor de referência na internet atingir 70% do valor de projeto.',2),(575,144,1,'Quando a perda de pacotes entre o dispositivo final do usuário e algum servidor de referência na internet atingir 90% do valor de projeto.',3),(576,144,1,'Quando a perda de pacotes entre o dispositivo final do usuário e algum servidor de referência na internet for superior a 100% do valor de projeto.',4),(577,145,1,'Quando a perda de pacote entre o dispositivo final do usuário e o core da rede for inferior a 50% do valor de projeto.',1),(578,145,1,'Quando a perda de pacote entre o dispositivo final do usuário e o core da rede atingir 70% do valor de projeto.',2),(579,145,1,'Quando a perda de pacote entre o dispositivo final do usuário e o core da rede atingir 90% do valor de projeto.',3),(580,145,1,'Quando a perda de pacote entre o dispositivo final do usuário e o core da rede for superior a 100% do valor de projeto.',4),(581,146,1,'Quando a perda de pacote na interface aérea for inferior a 50% do valor de projeto..',1),(582,146,1,'Quando a perda de pacote na interface aérea atingir 70% do valor de projeto.',2),(583,146,1,'Quando a perda de pacote na interface aérea atingir 90% do valor de projeto.',3),(584,146,1,'Quando a perda de pacote na interface aérea for superior a 100% do valor de projeto.',4),(585,147,1,'A rede transfere de Access Point sem prejuízo ao serviço.',1),(586,147,1,'A rede transfere com prejuízo detectável somente em serviços de voz.',2),(587,147,1,'A rede transfere com prejuízo detectável em serviços de voz e video.',3),(588,147,1,'O usuário terá que se reconectar.',4),(589,148,1,'',1),(590,148,1,'',2),(591,148,1,'',3),(592,148,1,'',4),(593,149,1,'Superior a 90% do projetado',1),(594,149,1,'Entre 71% e 90% do valor projetado',2),(595,149,1,'Entre 51% e 70% do valor projetado',3),(596,149,1,'Abaixo de 50% do valor projetado',4),(597,150,1,'Superior a 90% do projetado',1),(598,150,1,'Entre 71% e 90% do valor projetado',2),(599,150,1,'Entre 51% e 70% do valor projetado',3),(600,150,1,'Abaixo de 50% do valor projetado',4),(601,151,1,'O monitoramento de tráfego na rede é em tempo real, fornecendo informações quantitativas e qualitativas de todos os usuários da rede.',1),(602,151,1,'O monitoramento de tráfego na rede é em tempo real, fornecendo informações quantitativas de todos os usuários da rede.',2),(603,151,1,'O monitoramento de tráfego na rede é sob demanda, fornecendo informações quantitativas de todos os usuários da rede.',3),(604,151,1,'Não há monitoramento de tráfego na rede.',4),(605,152,1,'O monitoramento dos equipamentos é em tempo real, fornecendo informações de estado e de indicadores de atividade de todos os modelos e fabricantes de equipamentos da rede, com notificação de alerta.',1),(606,152,1,'O monitoramento dos equipamentos é em tempo real, fornecendo informações de estado e de indicadores de atividade, contudo havendo restrição quanto a modelos e fabricantes de equipamentos da rede, com notificação de alerta.',2),(607,152,1,'O monitoramento dos equipamentos é em tempo real, fornecendo somente informações de estado dos equipamentos da rede.',3),(608,152,1,'Não há monitoramento dos equipamentos',4),(609,153,1,'Automaticamente sem necessidade de reautenticar dentro de um período mínimo estipulado',1),(610,153,1,'Manualmente sem necessidade de reautenticar dentro de um período mínimo estipulado',2),(611,153,1,'Manualmente com necessidade de reautenticação.',3),(612,153,1,'Usuário não se conecta em outra rede',4),(613,154,1,'Há processos formais de segurança da informação aderentes às normas ISO 27000 e automatizados, com foco na melhoria de processos e auditoria periódica.',1),(614,154,1,'Há processos formais de segurança da informação, aderentes às normas ISO 27000.',2),(615,154,1,'Os processos de segurança da informação são informais.',3),(616,154,1,'Não são praticados processos da segurança da informação.',4),(617,155,1,'rewr',1),(618,155,1,'ewr',2),(619,155,1,'werwerwe',3),(620,155,1,'werwer',4),(621,156,1,'Menos de 50% da capacidade estão sendo utilizados, alta capacidade de expansão.',1),(622,156,1,'Entre 51% e 70% da capacidade estão sendo utilizados, boa capacidade de expansão.',2),(623,156,1,'Entre 71% e 90% da capacidade estão sendo utilizados, média capacidade de expansão.',3),(624,156,1,'Acima de 90% da capacidade estão sendo utilizados, baixa capacidade de expansão.',4),(625,157,1,'Capacidade acima de 70% de crescimento.',1),(626,157,1,'Capacidade de até 70% de crescimento.',2),(627,157,1,'Capacidade de até 50% de crescimento.',3),(628,157,1,'Não há capacidade de crescimento.',4),(629,158,1,'Capacidade acima de 70% de crescimento.',1),(630,158,1,'Capacidade de até 70% de crescimento.',2),(631,158,1,'Capacidade de até 50% de crescimento.',3),(632,158,1,'Não há capacidade de crescimento.',4),(633,159,1,'Capacidade acima de 70% de crescimento.',1),(634,159,1,'Capacidade de até 70% de crescimento.',2),(635,159,1,'Capacidade de até 50% de crescimento.',3),(636,159,1,'Não há capacidade de crescimento.',4),(637,160,1,'Equipamentos utilizados suportam os padrões tecnológicos mais recentes sem necessidade de introdução de licenças adicionais ou hardware',1),(638,160,1,'Equipamentos utilizados suportam os padrões tecnológicos mais recentes com necessidade de introdução de licenças adicionais ou hardware',2),(639,160,1,'Equipamentos precisam ser trocados para a utilização dos padrões tecnológicos mais recentes',3),(640,160,1,'Tecnologicamente desatualizado, sem possibilidade de atualização.',4),(641,161,1,'A rede está preparada para prestação de serviços adicionais como voz e vídeo sem necessidade de novas licenças ou hardware.',1),(642,161,1,'A rede está preparada para prestação de serviços adicionais como voz e vídeo com necessidade de novas licenças ou hardware.',2),(643,161,1,'Equipamentos precisam ser trocados para a introdução de serviços adicionais como voz e vídeo',3),(644,161,1,'Desconhece / não é possível.',4),(645,162,1,'Há acompanhamento permanente junto à operação, independente de solicitação, com ação proativa junto ao parceiro e ou fornecedor.',1),(646,162,1,'Há acompanhamento reativo somente, ou seja, só quando solicitado pela operação, com ação junto ao parceiro e ou fornecedor.',2),(647,162,1,'Há ação diretamente pela operação, somente em casos críticos.',3),(648,162,1,'Não há gestão dos contratos',4),(649,163,1,'Há atualização dos registros em tempo real das mudanças ocorridas nos ativos, com auditorias periódicas.',1),(650,163,1,'Os registros são atualizados quando solicitado ou nas auditorias periódicas.',2),(651,163,1,'Os registros são atualizados somente quando solicitado.',3),(652,163,1,'Não há gestão dos ativos',4),(653,164,1,'Há emissão periódica de relatórios referentes ao desempenho e eventos das operações, com capítulo dedicado às sugestões de melhoria.',1),(654,164,1,'Há emissão periódica de relatórios somente em relação ao desempenho e eventos das operações.',2),(655,164,1,'A emissão de relatórios somente em relação ao desempenho e eventos das operações é feita somente sob demanda.',3),(656,164,1,'Não há emissão de relatórios referentes às operações.',4),(657,165,1,'Na passagem dos turnos, mensal e sob demanda.',1),(658,165,1,'Somente mensal.',2),(659,165,1,'Somente sob demanda.',3),(660,165,1,'Não há emissão de relatórios referentes às operações.',4),(661,166,1,'Autenticação do usuário por portal web com registro das informações suficientes para identificação do mesmo por solicitação judicial no período mínimo de 12 meses e aceite dos termos de utilização da rede.',1),(662,166,1,'Autenticação do usuário por portal web sem registro das informações suficientes para identificação do mesmo por solicitação judicial no período mínimo de 12 meses e com aceite dos termos de utilização da rede.',2),(663,166,1,'Autenticação do usuário por portal web sem registro das informações suficientes para identificação do mesmo por solicitação judicial no período mínimo de 12 meses e sem aceite dos termos de utilização da rede.',3),(664,166,1,'Sem controle de acesso',4),(665,167,1,'Controle do tempo/uso de conexão com possibilidade de desconexão automática.',1),(666,167,1,'Controle do tempo/uso de conexão com possibilidade de desconexão manual.',2),(667,167,1,'Controle do tempo de conexão com possibilidade de desconexão manual',3),(668,167,1,'Sem controle de conexão.',4),(669,168,1,'Identifica o nível, o tipo e a localização da fonte do ruído',1),(670,168,1,'Identifica o nível e o tipo do ruído',2),(671,168,1,'Identifica o nível do ruído',3),(672,168,1,'Nao identifica',4),(673,169,1,'Identifica o nível, o tipo e a localização da fonte da interferência.',1),(674,169,1,'Identifica o nível e o tipo da interferência',2),(675,169,1,'Identifica o nível da interferência',3),(676,169,1,'Não identifica',4),(677,170,1,'jy',1),(678,170,1,'jy',2),(679,170,1,'jy',3),(680,170,1,'jy',4);
/*!40000 ALTER TABLE `criterio` ENABLE KEYS */;
UNLOCK TABLES;

--
-- Table structure for table `dimensao`
--

DROP TABLE IF EXISTS `dimensao`;
/*!40101 SET @saved_cs_client     = @@character_set_client */;
/*!40101 SET character_set_client = utf8 */;
CREATE TABLE `dimensao` (
  `id` int(11) NOT NULL AUTO_INCREMENT,
  `universo_id` int(11) NOT NULL,
  `nome` varchar(200) DEFAULT NULL,
  PRIMARY KEY (`id`),
  KEY `fk_dimensao_universo1` (`universo_id`),
  CONSTRAINT `fk_dimensao_universo1` FOREIGN KEY (`universo_id`) REFERENCES `universo` (`id`) ON DELETE NO ACTION ON UPDATE NO ACTION
) ENGINE=InnoDB AUTO_INCREMENT=33 DEFAULT CHARSET=latin1;
/*!40101 SET character_set_client = @saved_cs_client */;

--
-- Dumping data for table `dimensao`
--

LOCK TABLES `dimensao` WRITE;
/*!40000 ALTER TABLE `dimensao` DISABLE KEYS */;
INSERT INTO `dimensao` VALUES (2,3,'EVENTO'),(3,3,'DESENVOLVIMENTO ECONÔMICO'),(4,11,'dimensao testesheila2'),(5,12,'teste'),(6,4,'teste'),(7,16,'SEGURANÇA'),(8,16,'TRANSPORTE'),(9,21,'Metrô'),(10,21,'Trem'),(11,26,'INFRA- ESTRUTURA'),(12,24,'Transporte Público'),(13,26,'PROFESSORES'),(14,24,'Segurança Pública'),(15,26,'ENSINO'),(19,27,''),(21,29,'ALUNO ESTAGIÁRIO'),(22,27,'Tempo'),(23,27,'Ambiente'),(26,39,'lala'),(27,41,'Produtividade'),(28,44,'Gestão'),(29,44,'Técnica'),(30,45,'Gestão'),(31,45,'Técnica'),(32,20,'teste');
/*!40000 ALTER TABLE `dimensao` ENABLE KEYS */;
UNLOCK TABLES;

--
-- Table structure for table `grupo`
--

DROP TABLE IF EXISTS `grupo`;
/*!40101 SET @saved_cs_client     = @@character_set_client */;
/*!40101 SET character_set_client = utf8 */;
CREATE TABLE `grupo` (
  `id` int(11) NOT NULL AUTO_INCREMENT,
  `nome` varchar(45) DEFAULT NULL,
  PRIMARY KEY (`id`)
) ENGINE=InnoDB AUTO_INCREMENT=4 DEFAULT CHARSET=latin1;
/*!40101 SET character_set_client = @saved_cs_client */;

--
-- Dumping data for table `grupo`
--

LOCK TABLES `grupo` WRITE;
/*!40000 ALTER TABLE `grupo` DISABLE KEYS */;
INSERT INTO `grupo` VALUES (1,'Administrador'),(2,'Visitante'),(3,'SysAdmin');
/*!40000 ALTER TABLE `grupo` ENABLE KEYS */;
UNLOCK TABLES;

--
-- Table structure for table `indicador`
--

DROP TABLE IF EXISTS `indicador`;
/*!40101 SET @saved_cs_client     = @@character_set_client */;
/*!40101 SET character_set_client = utf8 */;
CREATE TABLE `indicador` (
  `id` int(11) NOT NULL AUTO_INCREMENT,
  `categoria_id` int(11) NOT NULL,
  `nome` varchar(200) DEFAULT NULL,
  PRIMARY KEY (`id`),
  KEY `fk_indicador_categoria1` (`categoria_id`),
  CONSTRAINT `fk_indicador_categoria1` FOREIGN KEY (`categoria_id`) REFERENCES `categoria` (`id`) ON DELETE NO ACTION ON UPDATE NO ACTION
) ENGINE=InnoDB AUTO_INCREMENT=106 DEFAULT CHARSET=latin1;
/*!40101 SET character_set_client = @saved_cs_client */;

--
-- Dumping data for table `indicador`
--

LOCK TABLES `indicador` WRITE;
/*!40000 ALTER TABLE `indicador` DISABLE KEYS */;
INSERT INTO `indicador` VALUES (1,1,'indicador teste'),(2,2,'teste'),(3,5,'Bairros atendidos com policiamento'),(4,5,'Policiais por habitante'),(5,6,'Roubos/Assaltos-pessoas'),(6,6,'Roubos/Assaltos-Residências'),(7,6,'Roubos/Assaltos-carros'),(8,6,'Homicídios'),(9,7,'Comunicação'),(10,7,'Ação-resposta'),(11,8,'Ligação dos bairros'),(12,8,'Diversidade de transporte nos bairros'),(13,9,'Atendimento à população'),(14,10,'Atendimento à população'),(16,12,'Metrô - Conforto'),(17,12,'Metrô - Segurança'),(18,16,'DIDÁTICA'),(19,16,'CONHECIMENTO'),(20,20,'Comprometimento '),(21,11,'Metrô - Acessibilidade para portadores de deficiência'),(22,15,'Comodidade '),(24,16,'CUMPRIMENTO DA EMENTA'),(25,28,'DISCIPLINAS'),(26,15,'Alcance'),(27,15,'Eficiência'),(28,14,'Comodidade'),(29,14,'Alcance'),(30,14,'Eficiência'),(31,13,'Comodidade'),(32,13,'Alcance'),(33,13,'Eficiência'),(34,34,'Trem - Acessibilidade para portadores de deficiência'),(35,36,''),(37,36,''),(38,33,'Doutorado'),(39,33,'Mestrado'),(40,33,'Pós Doutorado'),(41,33,'Cientista'),(42,33,'Contratado'),(43,20,'Alcance'),(44,20,'Eficiência '),(45,35,'Trem - Conforto'),(46,18,'Alcance'),(47,35,'Trem - Segurança'),(48,18,'Eficiência'),(49,18,'Comprometimento '),(50,16,'Frequência'),(53,39,'Comunicação'),(54,39,'Técnico-administrativo'),(55,39,'Corpo docente'),(56,23,'Estado de conservação'),(58,24,'Água'),(59,27,'Acervo'),(60,22,'Condições das salas'),(61,25,'Condições '),(62,40,'PERCENTUAL DE PRESENÇA'),(64,41,'Nível de comprometimento'),(66,47,'qwe'),(67,49,'Localização'),(68,49,' Integração'),(69,49,'Elaboração'),(70,49,'Verificação de conformidade'),(71,50,'Retrabalho'),(72,50,'Desperdício.'),(73,50,'Prazo'),(74,50,'Metas (metas definidas pela instituição) '),(75,54,'Cobertura'),(76,56,'Atendimento ao cliente'),(77,56,'Quantidade de interrupções no serviço'),(78,60,'24/7'),(79,62,'Velocidade de Transmissão'),(80,62,'Latência'),(81,62,'Jitter'),(82,62,'Perda de pacotes'),(83,62,'Erros'),(84,62,'Roaming'),(85,60,'Nivel de sinal do dispositivo final'),(86,60,'Cobertura da área atendida'),(87,61,'Capacidade da rede'),(89,61,'Segurança da informação'),(90,61,'Controle de acesso'),(91,61,'Roaming entre redes'),(92,61,'Acordo de nível de serviço - SLA'),(93,61,'Monitoramento pró ativo'),(94,57,'Escalabilidade'),(95,57,'Nível de Inovação Tecnológica'),(96,58,'Gestão dos Ativos'),(97,58,'Gestão de Contratos'),(98,58,'Análise de Risco'),(99,59,'Periodicidade da Informação'),(100,59,'Estratégia da Informação'),(101,64,'teste'),(102,61,'Monitoramento de Interferências'),(105,4,'hg');
/*!40000 ALTER TABLE `indicador` ENABLE KEYS */;
UNLOCK TABLES;

--
-- Table structure for table `nivel`
--

DROP TABLE IF EXISTS `nivel`;
/*!40101 SET @saved_cs_client     = @@character_set_client */;
/*!40101 SET character_set_client = utf8 */;
CREATE TABLE `nivel` (
  `id` int(11) NOT NULL AUTO_INCREMENT,
  `nivel` varchar(45) DEFAULT NULL,
  `tipo_nivel_id` int(11) NOT NULL,
  `grau` int(11) DEFAULT NULL,
  PRIMARY KEY (`id`),
  KEY `fk_nivel_tipo_nivel1` (`tipo_nivel_id`),
  CONSTRAINT `fk_nivel_tipo_nivel1` FOREIGN KEY (`tipo_nivel_id`) REFERENCES `tipo_nivel` (`id`) ON DELETE NO ACTION ON UPDATE NO ACTION
) ENGINE=InnoDB AUTO_INCREMENT=13 DEFAULT CHARSET=latin1;
/*!40101 SET character_set_client = @saved_cs_client */;

--
-- Dumping data for table `nivel`
--

LOCK TABLES `nivel` WRITE;
/*!40000 ALTER TABLE `nivel` DISABLE KEYS */;
INSERT INTO `nivel` VALUES (1,'Excelente',1,1),(2,'Muito Bom',1,2),(3,'Bom',1,3),(4,'Regular',1,4),(5,'1',2,4),(6,'2',2,3),(7,'3',2,2),(8,'4',2,1),(9,'Alto',3,1),(10,'Médio',3,2),(11,'Baixo',3,3),(12,'Muito Baixo',3,4);
/*!40000 ALTER TABLE `nivel` ENABLE KEYS */;
UNLOCK TABLES;

--
-- Table structure for table `objeto`
--

DROP TABLE IF EXISTS `objeto`;
/*!40101 SET @saved_cs_client     = @@character_set_client */;
/*!40101 SET character_set_client = utf8 */;
CREATE TABLE `objeto` (
  `id` int(11) NOT NULL AUTO_INCREMENT,
  `nome` varchar(100) DEFAULT NULL,
  `objeto_novo` tinyint(1) DEFAULT NULL,
  `tempo_existencia` text,
  `usuario_id` int(11) NOT NULL,
  PRIMARY KEY (`id`),
  KEY `fk_objeto_usuario1` (`usuario_id`),
  CONSTRAINT `fk_objeto_usuario1` FOREIGN KEY (`usuario_id`) REFERENCES `usuario` (`id`) ON DELETE NO ACTION ON UPDATE NO ACTION
) ENGINE=InnoDB AUTO_INCREMENT=49 DEFAULT CHARSET=latin1;
/*!40101 SET character_set_client = @saved_cs_client */;

--
-- Dumping data for table `objeto`
--

LOCK TABLES `objeto` WRITE;
/*!40000 ALTER TABLE `objeto` DISABLE KEYS */;
INSERT INTO `objeto` VALUES (1,'Teste',1,'teste',1),(2,'Valença - População',1,'Valença - Municipio do Rio de janeiro, com histórico de produtor de Café, do tempo do Brasil Reino. Deseja-se identificar o identidade da comunidade local sobre o Ca´fe, sua história e seu legado.',1),(3,'projeto teclac',1,'O programa Teclac é uma parceria entre a Universidade do Estado do Rio de Janeiro e a Fundação de Apoio à Escola Técnica, na adoção de medidas que possibilitem o preparo de mão de obra técnica e altamente qualificada por meio de estágio curricular, em laboratórios de alta complexidade da UERJ, que ampliará a formação dos alunos dos cursos técnicos da Faetec no uso dessas tecnologias.Conceituamos Laboratórios de Alta Complexidade aqueles laboratórios que dispõem de equipamentos, maquinários, insumos e suporte técnico de alto nível de excelência e demandam profissionais com capacitação específica para sua gestão e operação.\r\nO estágio tem se constituído uma atividade que se efetiva mediante a inserção no espaço educacional e no contato com os professores que se dispõem a receber, acompanhar e orientar os futuros profissionais no processo de aprendizagem dos cursos técnicos, envolvendo assim, as duas instituições.\r\n',1),(4,'teste novo objeto',1,'teste novo objeto',1),(5,'teste objeto novo',1,'teste objeto novo',1),(6,'teste novo objeto',1,'teste',1),(7,'teste novo objeto',1,'teste',1),(8,'teste novo objeto',1,'teste novo objeto',1),(9,'teste novo objeto',1,'teste novo objeto',1),(10,'teste novo objeto',1,'teste novo objeto',1),(11,'teste novo objeto',1,'teste novo objeto',1),(12,'teste novo objeto',1,'teste novo objeto',1),(13,'teste novo objeto12',1,'teste novo objeto',1),(14,'teste',1,'teste',1),(15,'teste',1,'teste',1),(16,'teste',1,'teste',1),(17,'teste',1,'123',1),(18,'CIDADE DO RIO DE JANEIRO',1,'TRATA-SE DO ESTUDO E AVALIAÇÃO DAS CONDIÇÕES DE SEGURANÇA E TRANSPORTE NA CIDADE DO RIO DE JANEIRO - BRASIL',1),(19,'teste',1,'teste',1),(20,'teste',1,'teste',1),(21,'meu objeto editado',1,'meu objeto',1),(22,'meu objeto editado',1,'meu objeto',1),(23,'meu objeto editado',1,'meu objeto',1),(24,'meu objeto editado',1,'meu objeto',1),(25,'PROJETO TECLAC',1,'3 MESES - FASE DE SELEÇÃO ',58),(26,'Infraestrutura de transporte da região metropolitana do Rio de Janeiro',0,'O objeto de estudo é o transporte do município do RJ.\r\nO tempo de existência deste é de mais de um século.\r\nPeríodo da Avaliação: primeiro trimestre de 2013;',44),(27,'Avaliação do curso Ciências da Computação da Uerj',1,'',46),(28,'Transporte e Segurança',0,'O objeto da avaliação são os serviços de transporte e segurança pública da cidade do Rio de Janeiro.',45),(29,'curso ciência da computação da UERJ',1,'',46),(30,'Projeto TECLAC',1,'',1),(31,'Projeto TECLAC',1,'',1),(32,'Projeto TECLAC',1,'Projeto de seleção e aconpanhamento de estágiarios.',1),(33,'',1,'',1),(34,'teste',1,'teste',1),(35,'TECLAC-2012',1,'O objetivo é proporcionar formação profissional simultânea à formação acadêmica voltada para a utilização dos equipamentos dos laboratórios de alta complexidade na UERJ, por meio de programa de estágio específico desenvolvido e aplicado pelas instituições UERJ e Faetec. EDITAL INOVADOR EM SUA PRIMEIRA VERSÃO NO ANO DE 2012.',1),(36,'lala',1,'',188),(37,'Testando',1,'teste',1),(38,'',1,'',188),(39,'MArcio',1,'',188),(40,'marcio',1,'',188),(41,'teste',1,'',1),(42,'',1,'',1),(43,'SENAC',1,'',191),(44,'ava_teste',1,'',1),(45,'Bandejao',1,'skjksjkjkakasjaj',1),(46,'Teste',1,'teste',1),(47,'Telefonia Celular',1,'llllll',1),(48,'Modelo de Governança do Projeto Rio Estado Digital ',1,'',1);
/*!40000 ALTER TABLE `objeto` ENABLE KEYS */;
UNLOCK TABLES;

--
-- Table structure for table `resposta`
--

DROP TABLE IF EXISTS `resposta`;
/*!40101 SET @saved_cs_client     = @@character_set_client */;
/*!40101 SET character_set_client = utf8 */;
CREATE TABLE `resposta` (
  `id` int(11) NOT NULL AUTO_INCREMENT,
  `aspecto_id` int(11) NOT NULL,
  `criterio_id` int(11) NOT NULL,
  `usuario_id` int(11) NOT NULL,
  PRIMARY KEY (`id`),
  KEY `fk_resposta_aspecto1` (`aspecto_id`),
  KEY `fk_resposta_criterio1` (`criterio_id`),
  KEY `fk_resposta_usuario1` (`usuario_id`),
  CONSTRAINT `fk_resposta_aspecto1` FOREIGN KEY (`aspecto_id`) REFERENCES `aspecto` (`id`) ON DELETE NO ACTION ON UPDATE NO ACTION,
  CONSTRAINT `fk_resposta_criterio1` FOREIGN KEY (`criterio_id`) REFERENCES `criterio` (`id`) ON DELETE NO ACTION ON UPDATE NO ACTION,
  CONSTRAINT `fk_resposta_usuario1` FOREIGN KEY (`usuario_id`) REFERENCES `usuario` (`id`) ON DELETE NO ACTION ON UPDATE NO ACTION
) ENGINE=InnoDB AUTO_INCREMENT=2972 DEFAULT CHARSET=latin1;
/*!40101 SET character_set_client = @saved_cs_client */;

--
-- Dumping data for table `resposta`
--

LOCK TABLES `resposta` WRITE;
/*!40000 ALTER TABLE `resposta` DISABLE KEYS */;
INSERT INTO `resposta` VALUES (1,1,2,3),(2,2,5,3),(3,3,9,37),(4,4,14,37),(5,5,19,37),(6,6,24,37),(7,3,9,38),(8,4,13,38),(9,5,17,38),(10,6,21,38),(11,3,11,39),(12,4,14,39),(13,5,17,39),(14,6,24,39),(15,3,9,40),(16,4,14,40),(17,5,18,40),(18,6,22,40),(19,3,9,7),(20,4,15,7),(21,5,20,7),(22,6,21,7),(23,3,11,7),(24,4,13,7),(25,5,17,7),(26,6,21,7),(27,3,10,7),(28,4,13,7),(29,5,17,7),(30,6,22,7),(31,3,10,7),(32,4,13,7),(33,5,18,7),(34,6,23,7),(35,3,10,8),(36,4,14,8),(37,5,20,8),(38,6,21,8),(39,3,12,9),(40,4,16,9),(41,5,20,9),(42,6,24,9),(43,3,12,10),(44,4,16,10),(45,5,20,10),(46,6,22,10),(47,3,12,11),(48,4,16,11),(49,5,20,11),(50,6,24,11),(51,3,12,12),(52,4,16,12),(53,5,20,12),(54,6,24,12),(55,3,12,7),(56,4,13,7),(57,5,17,7),(58,6,21,7),(59,7,25,7),(60,8,30,7),(61,9,33,7),(62,10,38,7),(63,11,42,7),(64,12,45,7),(65,13,50,7),(66,14,54,7),(67,15,57,7),(68,16,61,7),(69,17,66,7),(70,18,70,7),(71,19,73,7),(72,20,77,7),(73,21,82,7),(74,22,86,7),(75,23,91,7),(76,24,94,7),(77,25,97,7),(78,26,101,7),(79,27,105,7),(80,28,109,7),(81,29,114,7),(82,30,117,7),(83,31,123,7),(84,3,9,7),(85,4,16,7),(86,5,20,7),(87,6,23,7),(88,7,26,7),(89,8,31,7),(90,9,34,7),(91,10,39,7),(92,11,41,7),(93,12,48,7),(94,13,52,7),(95,14,55,7),(96,15,60,7),(97,16,63,7),(98,17,66,7),(99,18,71,7),(100,19,73,7),(101,20,80,7),(102,21,84,7),(103,22,88,7),(104,23,89,7),(105,24,94,7),(106,25,100,7),(107,26,102,7),(108,27,108,7),(109,28,112,7),(110,29,116,7),(111,30,118,7),(112,31,123,7),(113,3,11,8),(114,4,16,8),(115,5,19,8),(116,6,24,8),(117,7,25,8),(118,8,31,8),(119,9,33,8),(120,10,39,8),(121,11,44,8),(122,12,47,8),(123,13,51,8),(124,14,56,8),(125,15,60,8),(126,16,63,8),(127,17,66,8),(128,18,71,8),(129,19,74,8),(130,20,78,8),(131,21,82,8),(132,22,87,8),(133,23,90,8),(134,24,95,8),(135,25,100,8),(136,26,102,8),(137,27,108,8),(138,28,112,8),(139,29,114,8),(140,30,120,8),(141,31,124,8),(142,3,10,13),(143,4,15,13),(144,5,20,13),(145,6,24,13),(146,7,25,13),(147,8,30,13),(148,9,34,13),(149,10,38,13),(150,11,41,13),(151,12,47,13),(152,13,49,13),(153,14,55,13),(154,15,58,13),(155,16,62,13),(156,17,66,13),(157,18,71,13),(158,19,74,13),(159,20,78,13),(160,21,84,13),(161,22,88,13),(162,23,90,13),(163,24,93,13),(164,25,100,13),(165,26,103,13),(166,27,108,13),(167,28,112,13),(168,29,115,13),(169,30,118,13),(170,31,123,13),(171,3,11,9),(172,4,14,9),(173,5,20,9),(174,6,24,9),(175,7,25,9),(176,8,29,9),(177,9,34,9),(178,10,39,9),(179,11,43,9),(180,12,47,9),(181,13,51,9),(182,14,55,9),(183,15,60,9),(184,16,64,9),(185,17,67,9),(186,18,71,9),(187,19,74,9),(188,20,80,9),(189,21,84,9),(190,22,85,9),(191,23,90,9),(192,24,93,9),(193,25,100,9),(194,26,104,9),(195,27,108,9),(196,28,112,9),(197,29,116,9),(198,30,120,9),(199,31,124,9),(200,3,10,10),(201,4,13,10),(202,5,18,10),(203,6,23,10),(204,7,27,10),(205,8,31,10),(206,9,34,10),(207,10,40,10),(208,11,43,10),(209,12,47,10),(210,13,49,10),(211,14,55,10),(212,15,59,10),(213,16,62,10),(214,17,66,10),(215,18,71,10),(216,19,74,10),(217,20,79,10),(218,21,83,10),(219,22,87,10),(220,23,90,10),(221,24,96,10),(222,25,100,10),(223,26,102,10),(224,27,106,10),(225,28,111,10),(226,29,115,10),(227,30,119,10),(228,31,123,10),(229,3,11,11),(230,4,14,11),(231,5,20,11),(232,6,23,11),(233,7,25,11),(234,8,30,11),(235,9,33,11),(236,10,38,11),(237,11,41,11),(238,12,46,11),(239,13,49,11),(240,14,54,11),(241,15,59,11),(242,16,63,11),(243,17,67,11),(244,18,71,11),(245,19,75,11),(246,20,79,11),(247,21,84,11),(248,22,88,11),(249,23,90,11),(250,24,96,11),(251,25,100,11),(252,26,103,11),(253,27,106,11),(254,28,111,11),(255,29,115,11),(256,30,119,11),(257,31,122,11),(258,3,9,14),(259,4,13,14),(260,5,20,14),(261,6,24,14),(262,7,28,14),(263,8,31,14),(264,9,33,14),(265,10,39,14),(266,11,41,14),(267,12,48,14),(268,13,50,14),(269,14,56,14),(270,15,57,14),(271,16,62,14),(272,17,66,14),(273,18,70,14),(274,19,74,14),(275,20,77,14),(276,21,84,14),(277,22,88,14),(278,23,90,14),(279,24,95,14),(280,25,100,14),(281,26,103,14),(282,27,106,14),(283,28,111,14),(284,29,114,14),(285,30,118,14),(286,31,122,14),(287,3,12,17),(288,4,15,17),(289,5,20,17),(290,6,24,17),(291,7,25,17),(292,8,32,17),(293,9,33,17),(294,10,40,17),(295,11,41,17),(296,12,48,17),(297,13,49,17),(298,14,56,17),(299,15,60,17),(300,16,63,17),(301,17,68,17),(302,18,72,17),(303,19,75,17),(304,20,78,17),(305,21,84,17),(306,22,86,17),(307,23,90,17),(308,24,96,17),(309,25,100,17),(310,26,102,17),(311,27,107,17),(312,28,111,17),(313,29,114,17),(314,30,119,17),(315,31,123,17),(316,3,11,15),(317,4,14,15),(318,5,19,15),(319,6,23,15),(320,7,26,15),(321,8,30,15),(322,9,33,15),(323,10,38,15),(324,11,41,15),(325,12,46,15),(326,13,49,15),(327,14,54,15),(328,15,59,15),(329,16,62,15),(330,17,66,15),(331,18,71,15),(332,19,74,15),(333,20,79,15),(334,21,84,15),(335,22,86,15),(336,23,89,15),(337,24,94,15),(338,25,99,15),(339,26,103,15),(340,27,107,15),(341,28,110,15),(342,29,114,15),(343,30,118,15),(344,31,122,15),(345,3,10,12),(346,4,14,12),(347,5,20,12),(348,6,23,12),(349,7,26,12),(350,8,31,12),(351,9,34,12),(352,10,39,12),(353,11,42,12),(354,12,47,12),(355,13,51,12),(356,14,55,12),(357,15,57,12),(358,16,62,12),(359,17,65,12),(360,18,71,12),(361,19,75,12),(362,20,77,12),(363,21,81,12),(364,22,85,12),(365,23,89,12),(366,24,94,12),(367,25,100,12),(368,26,101,12),(369,27,106,12),(370,28,109,12),(371,29,114,12),(372,30,118,12),(373,31,121,12),(374,3,10,16),(375,4,14,16),(376,5,18,16),(377,6,21,16),(378,7,26,16),(379,8,31,16),(380,9,35,16),(381,10,39,16),(382,11,43,16),(383,12,47,16),(384,13,49,16),(385,14,55,16),(386,15,58,16),(387,16,62,16),(388,17,66,16),(389,18,71,16),(390,19,75,16),(391,20,79,16),(392,21,83,16),(393,22,87,16),(394,23,90,16),(395,24,94,16),(396,25,100,16),(397,26,102,16),(398,27,106,16),(399,28,111,16),(400,29,114,16),(401,30,119,16),(402,31,123,16),(411,3,11,18),(412,4,14,18),(413,5,18,18),(414,6,23,18),(415,7,28,18),(416,8,32,18),(417,9,33,18),(418,10,40,18),(419,11,41,18),(420,12,48,18),(421,13,49,18),(422,14,55,18),(423,15,59,18),(424,16,62,18),(425,17,66,18),(426,18,71,18),(427,19,74,18),(428,20,78,18),(429,21,84,18),(430,22,88,18),(431,23,89,18),(432,24,95,18),(433,25,100,18),(434,26,102,18),(435,27,107,18),(436,28,110,18),(437,29,114,18),(438,30,118,18),(439,31,123,18),(440,36,141,63),(441,37,146,63),(442,38,150,63),(443,32,126,63),(444,33,130,63),(445,34,133,63),(446,35,137,63),(447,40,159,63),(448,41,163,63),(449,47,188,63),(450,42,167,63),(451,43,171,63),(452,44,175,63),(453,45,178,63),(454,36,141,48),(455,37,145,48),(456,38,150,48),(457,32,126,48),(458,33,131,48),(459,34,136,48),(460,35,138,48),(461,40,160,48),(462,41,164,48),(463,47,188,48),(464,42,168,48),(465,43,172,48),(466,44,176,48),(467,45,180,48),(468,36,141,52),(469,37,145,52),(470,38,149,52),(471,32,126,52),(472,33,131,52),(473,34,134,52),(474,35,139,52),(475,40,159,52),(476,41,162,52),(477,47,188,52),(478,42,167,52),(479,43,171,52),(480,44,176,52),(481,45,178,52),(482,36,141,56),(483,37,145,56),(484,38,149,56),(485,32,127,56),(486,33,131,56),(487,34,133,56),(488,35,139,56),(489,40,159,56),(490,41,163,56),(491,47,186,56),(492,42,167,56),(493,43,171,56),(494,44,175,56),(495,45,179,56),(496,36,143,50),(497,37,145,50),(498,38,150,50),(499,32,126,50),(500,33,131,50),(501,34,135,50),(502,35,139,50),(503,40,158,50),(504,41,162,50),(505,47,186,50),(506,42,167,50),(507,43,170,50),(508,44,175,50),(509,45,179,50),(510,36,143,55),(511,37,146,55),(512,38,150,55),(513,32,126,55),(514,33,130,55),(515,34,135,55),(516,35,139,55),(517,40,160,55),(518,41,164,55),(519,47,188,55),(520,42,168,55),(521,43,172,55),(522,44,176,55),(523,45,180,55),(524,36,141,62),(525,37,145,62),(526,38,150,62),(527,32,126,62),(528,33,130,62),(529,34,133,62),(530,35,138,62),(531,40,160,62),(532,41,164,62),(533,47,187,62),(534,42,167,62),(535,43,171,62),(536,44,176,62),(537,45,179,62),(538,36,141,60),(539,37,146,60),(540,38,149,60),(541,32,126,60),(542,33,130,60),(543,34,135,60),(544,35,138,60),(545,40,158,60),(546,41,161,60),(547,47,186,60),(548,42,167,60),(549,43,171,60),(550,44,174,60),(551,45,178,60),(552,36,143,129),(553,37,147,129),(554,38,150,129),(555,32,127,129),(556,33,131,129),(557,34,135,129),(558,35,139,129),(559,40,159,129),(560,41,164,129),(561,47,188,129),(562,42,167,129),(563,43,172,129),(564,44,176,129),(565,45,180,129),(566,36,143,129),(567,37,147,129),(568,38,150,129),(569,32,127,129),(570,33,131,129),(571,34,135,129),(572,35,139,129),(573,40,159,129),(574,41,164,129),(575,47,188,129),(576,42,167,129),(577,43,172,129),(578,44,176,129),(579,45,180,129),(580,36,141,130),(581,37,145,130),(582,38,149,130),(583,32,126,130),(584,33,131,130),(585,34,135,130),(586,35,138,130),(587,40,159,130),(588,41,163,130),(589,47,187,130),(590,42,168,130),(591,43,172,130),(592,44,176,130),(593,45,180,130),(594,36,143,128),(595,37,146,128),(596,38,149,128),(597,32,125,128),(598,33,130,128),(599,34,134,128),(600,35,139,128),(601,40,158,128),(602,41,163,128),(603,47,186,128),(604,42,166,128),(605,43,170,128),(606,44,175,128),(607,45,178,128),(608,36,142,127),(609,37,148,127),(610,38,149,127),(611,32,125,127),(612,33,130,127),(613,34,135,127),(614,35,139,127),(615,40,158,127),(616,41,164,127),(617,47,188,127),(618,42,167,127),(619,43,171,127),(620,44,174,127),(621,45,179,127),(628,79,316,114),(629,78,311,114),(630,80,317,114),(631,81,321,114),(632,83,329,114),(633,84,334,114),(634,82,327,114),(635,88,351,114),(636,89,356,114),(637,90,359,114),(638,87,347,114),(639,85,340,114),(640,86,344,114),(657,79,314,113),(658,78,311,113),(659,80,317,113),(660,81,322,113),(661,83,331,113),(662,84,333,113),(663,82,326,113),(664,88,352,113),(665,89,355,113),(666,90,360,113),(667,87,346,113),(668,85,340,113),(669,86,342,113),(670,36,144,131),(671,37,148,131),(672,38,152,131),(673,32,126,131),(674,33,131,131),(675,34,136,131),(676,35,138,131),(677,40,160,131),(678,41,164,131),(679,47,188,131),(680,42,167,131),(681,43,171,131),(682,44,176,131),(683,45,180,131),(684,36,141,135),(685,37,146,135),(686,38,150,135),(687,32,127,135),(688,33,132,135),(689,34,133,135),(690,35,138,135),(691,40,159,135),(692,41,163,135),(693,47,187,135),(694,42,167,135),(695,43,171,135),(696,44,175,135),(697,45,180,135),(698,36,143,133),(699,37,146,133),(700,38,151,133),(701,32,127,133),(702,33,131,133),(703,34,135,133),(704,35,139,133),(705,40,159,133),(706,41,163,133),(707,47,186,133),(708,42,167,133),(709,43,171,133),(710,44,175,133),(711,45,179,133),(712,36,141,59),(713,37,146,59),(714,38,149,59),(715,32,127,59),(716,33,132,59),(717,34,134,59),(718,35,138,59),(719,40,159,59),(720,41,164,59),(721,47,187,59),(722,42,167,59),(723,43,170,59),(724,44,175,59),(725,45,179,59),(726,36,143,136),(727,37,146,136),(728,38,151,136),(729,32,127,136),(730,33,131,136),(731,34,135,136),(732,35,139,136),(733,40,160,136),(734,41,164,136),(735,47,188,136),(736,42,166,136),(737,43,171,136),(738,44,176,136),(739,45,179,136),(740,79,315,114),(741,78,312,114),(742,80,318,114),(743,81,324,114),(744,83,332,114),(745,84,336,114),(746,82,327,114),(747,88,352,114),(748,89,356,114),(749,90,360,114),(750,87,347,114),(751,85,339,114),(752,86,344,114),(753,36,141,132),(754,37,145,132),(755,38,149,132),(756,32,126,132),(757,33,130,132),(758,34,133,132),(759,35,137,132),(760,40,160,132),(761,41,164,132),(762,47,186,132),(763,42,167,132),(764,43,171,132),(765,44,176,132),(766,45,177,132),(774,36,141,144),(775,37,146,144),(776,38,151,144),(777,32,127,144),(778,33,132,144),(779,34,135,144),(780,35,139,144),(781,40,159,144),(782,41,163,144),(783,47,186,144),(784,42,168,144),(785,43,172,144),(786,44,176,144),(787,45,179,144),(788,36,141,137),(789,37,146,137),(790,38,150,137),(791,32,126,137),(792,33,131,137),(793,34,135,137),(794,35,138,137),(795,40,158,137),(796,41,162,137),(797,47,187,137),(798,42,167,137),(799,43,172,137),(800,44,175,137),(801,45,179,137),(802,36,141,147),(803,37,146,147),(804,38,151,147),(805,32,126,147),(806,33,131,147),(807,34,134,147),(808,35,138,147),(809,40,159,147),(810,41,163,147),(811,47,187,147),(812,42,167,147),(813,43,171,147),(814,44,175,147),(815,45,180,147),(816,36,144,145),(817,37,147,145),(818,38,151,145),(819,32,127,145),(820,33,131,145),(821,34,135,145),(822,35,140,145),(823,40,159,145),(824,41,164,145),(825,47,188,145),(826,42,167,145),(827,43,172,145),(828,44,176,145),(829,45,179,145),(830,36,141,140),(831,37,147,140),(832,38,151,140),(833,32,126,140),(834,33,131,140),(835,34,134,140),(836,35,139,140),(837,40,158,140),(838,41,161,140),(839,47,187,140),(840,42,167,140),(841,43,170,140),(842,44,175,140),(843,45,178,140),(844,36,142,142),(845,37,145,142),(846,38,149,142),(847,32,126,142),(848,33,132,142),(849,34,135,142),(850,35,139,142),(851,40,160,142),(852,41,164,142),(853,47,188,142),(854,42,168,142),(855,43,171,142),(856,44,176,142),(857,45,180,142),(858,36,141,143),(859,37,145,143),(860,38,150,143),(861,32,127,143),(862,33,132,143),(863,34,134,143),(864,35,139,143),(865,40,160,143),(866,41,164,143),(867,47,188,143),(868,42,167,143),(869,43,172,143),(870,44,176,143),(871,45,179,143),(872,36,144,139),(873,37,147,139),(874,38,150,139),(875,32,127,139),(876,33,131,139),(877,34,136,139),(878,35,140,139),(879,40,160,139),(880,41,164,139),(881,47,187,139),(882,42,167,139),(883,43,172,139),(884,44,176,139),(885,45,180,139),(886,36,142,146),(887,37,145,146),(888,38,150,146),(889,32,127,146),(890,33,131,146),(891,34,133,146),(892,35,137,146),(893,40,160,146),(894,41,164,146),(895,47,186,146),(896,42,167,146),(897,43,171,146),(898,44,175,146),(899,45,179,146),(900,36,141,141),(901,37,146,141),(902,38,150,141),(903,32,126,141),(904,33,131,141),(905,34,134,141),(906,35,138,141),(907,40,158,141),(908,41,161,141),(909,47,185,141),(910,42,167,141),(911,43,170,141),(912,44,174,141),(913,45,178,141),(914,36,142,138),(915,37,145,138),(916,38,150,138),(917,32,126,138),(918,33,131,138),(919,34,135,138),(920,35,139,138),(921,40,159,138),(922,41,162,138),(923,47,188,138),(924,42,167,138),(925,43,172,138),(926,44,176,138),(927,45,179,138),(928,79,313,85),(929,78,309,85),(930,80,318,85),(931,81,324,85),(932,83,332,85),(933,84,336,85),(934,82,328,85),(935,88,352,85),(936,89,356,85),(937,90,360,85),(938,87,348,85),(939,85,337,85),(940,86,344,85),(941,79,316,86),(942,78,312,86),(943,80,320,86),(944,81,321,86),(945,83,329,86),(946,84,333,86),(947,82,325,86),(948,88,349,86),(949,89,355,86),(950,90,357,86),(951,87,345,86),(952,85,337,86),(953,86,342,86),(954,79,314,87),(955,78,311,87),(956,80,317,87),(957,81,323,87),(958,83,331,87),(959,84,335,87),(960,82,326,87),(961,88,349,87),(962,89,355,87),(963,90,357,87),(964,87,348,87),(965,85,339,87),(966,86,341,87),(967,79,316,88),(968,78,311,88),(969,80,318,88),(970,81,322,88),(971,83,330,88),(972,84,334,88),(973,82,326,88),(974,88,351,88),(975,89,354,88),(976,90,359,88),(977,87,347,88),(978,85,339,88),(979,86,344,88),(980,79,316,89),(981,78,310,89),(982,80,318,89),(983,81,324,89),(984,83,331,89),(985,84,336,89),(986,82,328,89),(987,88,349,89),(988,89,354,89),(989,90,359,89),(990,87,348,89),(991,85,339,89),(992,86,343,89),(993,79,314,90),(994,78,310,90),(995,80,319,90),(996,81,323,90),(997,83,329,90),(998,84,335,90),(999,82,327,90),(1000,88,349,90),(1001,89,355,90),(1002,90,357,90),(1003,87,348,90),(1004,85,340,90),(1005,86,342,90),(1006,79,315,91),(1007,78,310,91),(1008,80,317,91),(1009,81,321,91),(1010,83,329,91),(1011,84,333,91),(1012,82,325,91),(1013,88,351,91),(1014,89,355,91),(1015,90,360,91),(1016,87,347,91),(1017,85,340,91),(1018,86,344,91),(1026,79,314,92),(1027,78,309,92),(1028,80,319,92),(1029,81,321,92),(1030,83,330,92),(1031,84,333,92),(1032,82,327,92),(1033,88,349,92),(1034,89,355,92),(1035,90,357,92),(1036,87,345,92),(1037,85,340,92),(1038,86,344,92),(1039,79,316,93),(1040,78,312,93),(1041,80,317,93),(1042,81,322,93),(1043,83,331,93),(1044,84,335,93),(1045,82,326,93),(1046,88,349,93),(1047,89,356,93),(1048,90,360,93),(1049,87,348,93),(1050,85,340,93),(1051,86,342,93),(1052,79,316,94),(1053,78,310,94),(1054,80,320,94),(1055,81,322,94),(1056,83,332,94),(1057,84,336,94),(1058,82,325,94),(1059,88,351,94),(1060,89,354,94),(1061,90,358,94),(1062,87,347,94),(1063,85,338,94),(1064,86,341,94),(1065,79,315,95),(1066,78,312,95),(1067,80,318,95),(1068,81,322,95),(1069,83,331,95),(1070,84,334,95),(1071,82,327,95),(1072,88,352,95),(1073,89,355,95),(1074,90,359,95),(1075,87,347,95),(1076,85,339,95),(1077,86,344,95),(1078,79,314,96),(1079,78,310,96),(1080,80,318,96),(1081,81,323,96),(1082,83,330,96),(1083,84,334,96),(1084,82,327,96),(1085,88,351,96),(1086,89,355,96),(1087,90,359,96),(1088,87,347,96),(1089,85,338,96),(1090,86,343,96),(1091,79,316,97),(1092,78,312,97),(1093,80,320,97),(1094,81,324,97),(1095,83,331,97),(1096,84,335,97),(1097,82,328,97),(1098,88,352,97),(1099,89,356,97),(1100,90,360,97),(1101,87,348,97),(1102,85,340,97),(1103,86,344,97),(1104,79,315,98),(1105,78,312,98),(1106,80,319,98),(1107,81,323,98),(1108,83,332,98),(1109,84,335,98),(1110,82,328,98),(1111,88,351,98),(1112,89,355,98),(1113,90,359,98),(1114,87,347,98),(1115,85,339,98),(1116,86,344,98),(1117,79,316,99),(1118,78,312,99),(1119,80,320,99),(1120,81,324,99),(1121,83,331,99),(1122,84,335,99),(1123,82,328,99),(1124,88,352,99),(1125,89,356,99),(1126,90,360,99),(1127,87,348,99),(1128,85,339,99),(1129,86,344,99),(1130,79,315,100),(1131,78,311,100),(1132,80,319,100),(1133,81,322,100),(1134,83,330,100),(1135,84,334,100),(1136,82,326,100),(1137,88,351,100),(1138,89,355,100),(1139,90,359,100),(1140,87,347,100),(1141,85,338,100),(1142,86,344,100),(1143,79,314,101),(1144,78,310,101),(1145,80,318,101),(1146,81,322,101),(1147,83,330,101),(1148,84,334,101),(1149,82,326,101),(1150,88,350,101),(1151,89,354,101),(1152,90,358,101),(1153,87,346,101),(1154,85,338,101),(1155,86,342,101),(1156,79,316,102),(1157,78,312,102),(1158,80,320,102),(1159,81,324,102),(1160,83,332,102),(1161,84,336,102),(1162,82,328,102),(1163,88,352,102),(1164,89,356,102),(1165,90,360,102),(1166,87,348,102),(1167,85,340,102),(1168,86,344,102),(1169,79,315,103),(1170,78,311,103),(1171,80,319,103),(1172,81,323,103),(1173,83,331,103),(1174,84,335,103),(1175,82,327,103),(1176,88,351,103),(1177,89,355,103),(1178,90,359,103),(1179,87,347,103),(1180,85,339,103),(1181,86,343,103),(1182,79,315,104),(1183,78,310,104),(1184,80,318,104),(1185,81,323,104),(1186,83,330,104),(1187,84,334,104),(1188,82,326,104),(1189,88,351,104),(1190,89,355,104),(1191,90,359,104),(1192,87,346,104),(1193,85,338,104),(1194,86,342,104),(1195,79,315,104),(1196,78,311,104),(1197,80,319,104),(1198,81,323,104),(1199,83,331,104),(1200,84,336,104),(1201,82,327,104),(1202,88,352,104),(1203,89,356,104),(1204,90,360,104),(1205,87,348,104),(1206,85,339,104),(1207,86,344,104),(1208,79,315,105),(1209,78,311,105),(1210,80,317,105),(1211,81,322,105),(1212,83,331,105),(1213,84,333,105),(1214,82,327,105),(1215,88,352,105),(1216,89,355,105),(1217,90,359,105),(1218,87,348,105),(1219,85,339,105),(1220,86,344,105),(1221,79,315,106),(1222,78,311,106),(1223,80,319,106),(1224,81,324,106),(1225,83,332,106),(1226,84,336,106),(1227,82,327,106),(1228,88,352,106),(1229,89,356,106),(1230,90,360,106),(1231,87,348,106),(1232,85,340,106),(1233,86,344,106),(1234,79,315,107),(1235,78,311,107),(1236,80,320,107),(1237,81,324,107),(1238,83,332,107),(1239,84,335,107),(1240,82,328,107),(1241,88,351,107),(1242,89,355,107),(1243,90,359,107),(1244,87,347,107),(1245,85,339,107),(1246,86,344,107),(1247,79,315,108),(1248,78,310,108),(1249,80,317,108),(1250,81,322,108),(1251,83,331,108),(1252,84,334,108),(1253,82,326,108),(1254,88,351,108),(1255,89,355,108),(1256,90,359,108),(1257,87,348,108),(1258,85,339,108),(1259,86,344,108),(1260,79,316,109),(1261,78,311,109),(1262,80,319,109),(1263,81,323,109),(1264,83,331,109),(1265,84,335,109),(1266,82,327,109),(1267,88,351,109),(1268,89,355,109),(1269,90,359,109),(1270,87,347,109),(1271,85,339,109),(1272,86,343,109),(1273,79,316,110),(1274,78,311,110),(1275,80,317,110),(1276,81,323,110),(1277,83,332,110),(1278,84,336,110),(1279,82,328,110),(1280,88,352,110),(1281,89,356,110),(1282,90,360,110),(1283,87,348,110),(1284,85,340,110),(1285,86,344,110),(1286,79,315,111),(1287,78,309,111),(1288,80,317,111),(1289,81,323,111),(1290,83,331,111),(1291,84,333,111),(1292,82,326,111),(1293,88,351,111),(1294,89,355,111),(1295,90,359,111),(1296,87,347,111),(1297,85,338,111),(1298,86,344,111),(1299,79,315,113),(1300,78,311,113),(1301,80,319,113),(1302,81,322,113),(1303,83,331,113),(1304,84,336,113),(1305,82,328,113),(1306,88,352,113),(1307,89,355,113),(1308,90,359,113),(1309,87,348,113),(1310,85,338,113),(1311,86,343,113),(1312,36,141,117),(1313,37,147,117),(1314,38,150,117),(1315,32,127,117),(1316,33,132,117),(1317,34,133,117),(1318,35,138,117),(1319,40,160,117),(1320,41,164,117),(1321,47,187,117),(1322,42,168,117),(1323,43,172,117),(1324,44,174,117),(1325,45,178,117),(1329,79,316,149),(1330,78,312,149),(1331,80,319,149),(1332,81,322,149),(1333,83,331,149),(1334,84,335,149),(1335,82,328,149),(1336,88,352,149),(1337,89,356,149),(1338,90,360,149),(1339,87,346,149),(1340,85,339,149),(1341,86,342,149),(1342,79,315,150),(1343,78,312,150),(1344,80,319,150),(1345,81,323,150),(1346,83,330,150),(1347,84,333,150),(1348,82,327,150),(1349,88,351,150),(1350,89,354,150),(1351,90,359,150),(1352,87,347,150),(1353,85,338,150),(1354,86,342,150),(1355,79,314,151),(1356,78,310,151),(1357,80,319,151),(1358,81,322,151),(1359,83,330,151),(1360,84,335,151),(1361,82,326,151),(1362,88,351,151),(1363,89,355,151),(1364,90,359,151),(1365,87,348,151),(1366,85,340,151),(1367,86,344,151),(1368,79,313,152),(1369,78,310,152),(1370,80,317,152),(1371,81,323,152),(1372,83,331,152),(1373,84,334,152),(1374,82,327,152),(1375,88,350,152),(1376,89,354,152),(1377,90,358,152),(1378,87,347,152),(1379,85,338,152),(1380,86,344,152),(1381,79,315,153),(1382,78,310,153),(1383,80,317,153),(1384,81,323,153),(1385,83,330,153),(1386,84,334,153),(1387,82,327,153),(1388,88,351,153),(1389,89,355,153),(1390,90,358,153),(1391,87,347,153),(1392,85,338,153),(1393,86,342,153),(1394,79,313,154),(1395,78,309,154),(1396,80,317,154),(1397,81,323,154),(1398,83,329,154),(1399,84,333,154),(1400,82,325,154),(1401,88,349,154),(1402,89,353,154),(1403,90,357,154),(1404,87,345,154),(1405,85,337,154),(1406,86,341,154),(1407,79,316,155),(1408,78,312,155),(1409,80,320,155),(1410,81,322,155),(1411,83,332,155),(1412,84,336,155),(1413,82,328,155),(1414,88,352,155),(1415,89,356,155),(1416,90,360,155),(1417,87,348,155),(1418,85,340,155),(1419,86,344,155),(1420,36,141,119),(1421,37,145,119),(1422,38,150,119),(1423,32,127,119),(1424,33,131,119),(1425,34,134,119),(1426,35,138,119),(1427,40,158,119),(1428,41,163,119),(1429,47,187,119),(1430,42,167,119),(1431,43,171,119),(1432,44,176,119),(1433,45,179,119),(1434,79,314,156),(1435,78,311,156),(1436,80,318,156),(1437,81,322,156),(1438,83,331,156),(1439,84,333,156),(1440,82,325,156),(1441,88,352,156),(1442,89,356,156),(1443,90,360,156),(1444,87,347,156),(1445,85,340,156),(1446,86,342,156),(1447,79,315,158),(1448,78,310,158),(1449,80,319,158),(1450,81,323,158),(1451,83,331,158),(1452,84,335,158),(1453,82,326,158),(1454,88,351,158),(1455,89,355,158),(1456,90,358,158),(1457,87,347,158),(1458,85,339,158),(1459,86,342,158),(1460,79,314,159),(1461,78,310,159),(1462,80,318,159),(1463,81,323,159),(1464,83,331,159),(1465,84,334,159),(1466,82,327,159),(1467,88,351,159),(1468,89,354,159),(1469,90,358,159),(1470,87,347,159),(1471,85,338,159),(1472,86,343,159),(1473,36,142,118),(1474,37,147,118),(1475,38,151,118),(1476,32,126,118),(1477,33,131,118),(1478,34,134,118),(1479,35,139,118),(1480,40,159,118),(1481,41,162,118),(1482,47,187,118),(1483,42,167,118),(1484,43,170,118),(1485,44,175,118),(1486,45,178,118),(1487,79,315,160),(1488,78,310,160),(1489,80,320,160),(1490,81,321,160),(1491,83,330,160),(1492,84,335,160),(1493,82,327,160),(1494,88,351,160),(1495,89,355,160),(1496,90,359,160),(1497,87,347,160),(1498,85,339,160),(1499,86,343,160),(1500,79,314,161),(1501,78,311,161),(1502,80,318,161),(1503,81,323,161),(1504,83,330,161),(1505,84,335,161),(1506,82,325,161),(1507,88,351,161),(1508,89,354,161),(1509,90,359,161),(1510,87,346,161),(1511,85,338,161),(1512,86,343,161),(1513,79,315,162),(1514,78,310,162),(1515,80,319,162),(1516,81,321,162),(1517,83,330,162),(1518,84,333,162),(1519,82,326,162),(1520,88,349,162),(1521,89,355,162),(1522,90,359,162),(1523,87,346,162),(1524,85,338,162),(1525,86,343,162),(1526,79,314,163),(1527,78,310,163),(1528,80,317,163),(1529,81,322,163),(1530,83,331,163),(1531,84,334,163),(1532,82,325,163),(1533,88,351,163),(1534,89,354,163),(1535,90,358,163),(1536,87,346,163),(1537,85,337,163),(1538,86,343,163),(1539,79,315,164),(1540,78,310,164),(1541,80,318,164),(1542,81,323,164),(1543,83,331,164),(1544,84,334,164),(1545,82,327,164),(1546,88,350,164),(1547,89,354,164),(1548,90,358,164),(1549,87,347,164),(1550,85,339,164),(1551,86,343,164),(1552,79,315,165),(1553,78,310,165),(1554,80,319,165),(1555,81,323,165),(1556,83,330,165),(1557,84,335,165),(1558,82,326,165),(1559,88,350,165),(1560,89,353,165),(1561,90,357,165),(1562,87,345,165),(1563,85,337,165),(1564,86,342,165),(1565,79,314,166),(1566,78,309,166),(1567,80,318,166),(1568,81,323,166),(1569,83,329,166),(1570,84,334,166),(1571,82,325,166),(1572,88,351,166),(1573,89,355,166),(1574,90,359,166),(1575,87,347,166),(1576,85,338,166),(1577,86,342,166),(1578,79,314,167),(1579,78,310,167),(1580,80,318,167),(1581,81,322,167),(1582,83,331,167),(1583,84,335,167),(1584,82,327,167),(1585,88,350,167),(1586,89,354,167),(1587,90,359,167),(1588,87,346,167),(1589,85,339,167),(1590,86,342,167),(1591,36,141,120),(1592,37,146,120),(1593,38,149,120),(1594,32,126,120),(1595,33,131,120),(1596,34,133,120),(1597,35,137,120),(1598,40,159,120),(1599,41,164,120),(1600,47,186,120),(1601,42,167,120),(1602,43,171,120),(1603,44,176,120),(1604,45,179,120),(1605,36,141,122),(1606,37,145,122),(1607,38,150,122),(1608,32,126,122),(1609,33,131,122),(1610,34,134,122),(1611,35,138,122),(1612,40,160,122),(1613,41,164,122),(1614,47,188,122),(1615,42,167,122),(1616,43,172,122),(1617,44,176,122),(1618,45,180,122),(1619,36,141,123),(1620,37,146,123),(1621,38,149,123),(1622,32,126,123),(1623,33,131,123),(1624,34,135,123),(1625,35,139,123),(1626,40,159,123),(1627,41,163,123),(1628,47,188,123),(1629,42,168,123),(1630,43,171,123),(1631,44,176,123),(1632,45,180,123),(1633,36,144,121),(1634,37,148,121),(1635,38,149,121),(1636,32,128,121),(1637,33,132,121),(1638,34,136,121),(1639,35,140,121),(1640,40,160,121),(1641,41,164,121),(1642,47,188,121),(1643,42,168,121),(1644,43,172,121),(1645,44,176,121),(1646,45,180,121),(1647,36,144,121),(1648,37,148,121),(1649,38,149,121),(1650,32,128,121),(1651,33,132,121),(1652,34,136,121),(1653,35,140,121),(1654,40,160,121),(1655,41,164,121),(1656,47,188,121),(1657,42,168,121),(1658,43,172,121),(1659,44,176,121),(1660,45,180,121),(1661,36,142,124),(1662,37,146,124),(1663,38,150,124),(1664,32,127,124),(1665,33,132,124),(1666,34,133,124),(1667,35,137,124),(1668,40,157,124),(1669,41,162,124),(1670,47,186,124),(1671,42,168,124),(1672,43,170,124),(1673,44,173,124),(1674,45,177,124),(1675,36,142,125),(1676,37,146,125),(1677,38,151,125),(1678,32,128,125),(1679,33,131,125),(1680,34,135,125),(1681,35,140,125),(1682,40,160,125),(1683,41,164,125),(1684,47,187,125),(1685,42,167,125),(1686,43,172,125),(1687,44,176,125),(1688,45,179,125),(1689,36,141,126),(1690,37,145,126),(1691,38,150,126),(1692,32,128,126),(1693,33,132,126),(1694,34,133,126),(1695,35,138,126),(1696,40,160,126),(1697,41,164,126),(1698,47,187,126),(1699,42,168,126),(1700,43,171,126),(1701,44,175,126),(1702,45,178,126),(1703,36,142,49),(1704,37,146,49),(1705,38,150,49),(1706,32,127,49),(1707,33,132,49),(1708,34,134,49),(1709,35,139,49),(1710,40,160,49),(1711,41,163,49),(1712,47,186,49),(1713,42,167,49),(1714,43,171,49),(1715,44,175,49),(1716,45,178,49),(1717,36,141,126),(1718,37,145,126),(1719,38,150,126),(1720,32,127,126),(1721,33,131,126),(1722,34,134,126),(1723,35,138,126),(1724,40,159,126),(1725,41,161,126),(1726,47,185,126),(1727,42,167,126),(1728,43,171,126),(1729,44,174,126),(1730,45,178,126),(1745,36,142,58),(1746,37,146,58),(1747,38,150,58),(1748,32,127,58),(1749,33,130,58),(1750,34,134,58),(1751,35,138,58),(1752,40,158,58),(1753,41,164,58),(1754,47,186,58),(1755,42,167,58),(1756,43,171,58),(1757,44,175,58),(1758,45,179,58),(1801,71,282,64),(1802,72,285,64),(1803,73,290,64),(1804,74,295,64),(1805,64,254,64),(1806,65,257,64),(1807,66,261,64),(1808,75,297,64),(1809,76,301,64),(1810,77,305,64),(1811,67,266,64),(1812,68,269,64),(1813,69,274,64),(1814,70,278,64),(1815,94,374,64),(1816,95,378,64),(1817,91,363,64),(1818,92,366,64),(1819,93,370,64),(1820,96,381,64),(1821,100,397,64),(1822,101,401,64),(1823,102,407,64),(1824,97,386,64),(1825,98,389,64),(1826,99,394,64),(1827,48,189,64),(1828,49,194,64),(1829,50,198,64),(1830,51,201,64),(1831,52,205,64),(1832,53,210,64),(1833,54,214,64),(1834,55,217,64),(1835,56,221,64),(1836,57,225,64),(1837,58,229,64),(1838,59,233,64),(1839,60,238,64),(1840,61,242,64),(1841,62,246,64),(1842,63,249,64),(1882,71,281,172),(1883,72,285,172),(1884,73,289,172),(1885,74,293,172),(1886,64,253,172),(1887,65,257,172),(1888,66,261,172),(1889,75,297,172),(1890,76,301,172),(1891,77,305,172),(1892,67,265,172),(1893,68,269,172),(1894,69,273,172),(1895,70,277,172),(1896,94,373,172),(1897,95,377,172),(1898,91,361,172),(1899,92,365,172),(1900,93,369,172),(1901,96,381,172),(1902,100,397,172),(1903,101,401,172),(1904,102,405,172),(1905,97,385,172),(1906,98,389,172),(1907,99,393,172),(1908,48,189,172),(1909,49,193,172),(1910,50,197,172),(1911,51,201,172),(1912,52,205,172),(1913,53,209,172),(1914,54,213,172),(1915,55,217,172),(1916,56,221,172),(1917,57,225,172),(1918,58,229,172),(1919,59,233,172),(1920,60,237,172),(1921,61,241,172),(1922,62,245,172),(1923,63,249,172),(1961,71,283,171),(1962,72,286,171),(1963,73,290,171),(1964,74,294,171),(1965,64,254,171),(1966,65,258,171),(1967,66,262,171),(1968,75,299,171),(1969,76,302,171),(1970,77,308,171),(1971,67,267,171),(1972,68,271,171),(1973,69,274,171),(1974,70,279,171),(1975,94,374,171),(1976,95,378,171),(1977,91,361,171),(1978,92,366,171),(1979,93,370,171),(1980,96,382,171),(1981,100,398,171),(1982,101,402,171),(1983,102,406,171),(1984,97,386,171),(1985,98,390,171),(1986,99,395,171),(1987,48,191,171),(1988,49,194,171),(1989,50,199,171),(1990,51,203,171),(1991,52,207,171),(1992,53,210,171),(1993,54,214,171),(1994,55,218,171),(1995,56,223,171),(1996,57,226,171),(1997,58,231,171),(1998,59,236,171),(1999,60,238,171),(2000,61,242,171),(2001,62,246,171),(2002,63,251,171),(2017,71,281,173),(2018,72,286,173),(2019,73,289,173),(2020,74,295,173),(2021,64,253,173),(2022,65,258,173),(2023,66,262,173),(2024,75,298,173),(2025,76,302,173),(2026,77,306,173),(2027,67,266,173),(2028,68,269,173),(2029,69,273,173),(2030,70,278,173),(2031,94,376,173),(2032,95,380,173),(2033,91,363,173),(2034,92,367,173),(2035,93,371,173),(2036,96,383,173),(2037,100,397,173),(2038,101,401,173),(2039,102,405,173),(2040,97,385,173),(2041,98,389,173),(2042,99,393,173),(2043,48,190,173),(2044,49,193,173),(2045,50,197,173),(2046,51,202,173),(2047,52,206,173),(2048,53,209,173),(2049,54,213,173),(2050,55,218,173),(2051,56,222,173),(2052,57,226,173),(2053,58,230,173),(2054,59,234,173),(2055,60,238,173),(2056,61,242,173),(2057,62,246,173),(2058,63,250,173),(2059,71,282,174),(2060,72,286,174),(2061,73,290,174),(2062,74,294,174),(2063,64,254,174),(2064,65,258,174),(2065,66,262,174),(2066,75,298,174),(2067,76,302,174),(2068,77,306,174),(2069,67,266,174),(2070,68,270,174),(2071,69,273,174),(2072,70,278,174),(2073,94,374,174),(2074,95,378,174),(2075,91,362,174),(2076,92,366,174),(2077,93,370,174),(2078,96,382,174),(2079,100,397,174),(2080,101,401,174),(2081,102,405,174),(2082,97,385,174),(2083,98,389,174),(2084,99,393,174),(2085,48,190,174),(2086,49,194,174),(2087,50,198,174),(2088,51,202,174),(2089,52,206,174),(2090,53,210,174),(2091,54,214,174),(2092,55,218,174),(2093,56,222,174),(2094,57,226,174),(2095,58,230,174),(2096,59,234,174),(2097,60,238,174),(2098,61,242,174),(2099,62,246,174),(2100,63,250,174),(2101,71,283,64),(2102,72,285,64),(2103,73,290,64),(2104,74,293,64),(2105,64,255,64),(2106,65,259,64),(2107,66,263,64),(2108,75,299,64),(2109,76,301,64),(2110,77,308,64),(2111,67,267,64),(2112,68,271,64),(2113,69,275,64),(2114,70,278,64),(2115,94,375,64),(2116,95,378,64),(2117,91,362,64),(2118,92,366,64),(2119,93,370,64),(2120,96,382,64),(2121,100,397,64),(2122,101,401,64),(2123,102,407,64),(2124,97,388,64),(2125,98,392,64),(2126,99,393,64),(2127,48,190,64),(2128,49,194,64),(2129,50,197,64),(2130,51,202,64),(2131,52,207,64),(2132,53,210,64),(2133,54,214,64),(2134,55,217,64),(2135,56,221,64),(2136,57,225,64),(2137,58,230,64),(2138,59,233,64),(2139,60,238,64),(2140,61,242,64),(2141,62,245,64),(2142,63,249,64),(2143,71,283,178),(2144,72,286,178),(2145,73,289,178),(2146,74,295,178),(2147,64,254,178),(2148,65,257,178),(2149,66,263,178),(2150,75,298,178),(2151,76,301,178),(2152,77,307,178),(2153,67,266,178),(2154,68,269,178),(2155,69,275,178),(2156,70,278,178),(2157,94,373,178),(2158,95,379,178),(2159,91,362,178),(2160,92,365,178),(2161,93,371,178),(2162,96,382,178),(2163,100,397,178),(2164,101,403,178),(2165,102,406,178),(2166,97,385,178),(2167,98,391,178),(2168,99,394,178),(2169,48,189,178),(2170,49,195,178),(2171,50,198,178),(2172,51,201,178),(2173,52,207,178),(2174,53,210,178),(2175,54,213,178),(2176,55,219,178),(2177,56,222,178),(2178,57,225,178),(2179,58,231,178),(2180,59,234,178),(2181,60,237,178),(2182,61,243,178),(2183,62,246,178),(2184,63,249,178),(2185,71,283,169),(2186,72,286,169),(2187,73,290,169),(2188,74,293,169),(2189,64,254,169),(2190,65,258,169),(2191,66,263,169),(2192,75,299,169),(2193,76,301,169),(2194,77,308,169),(2195,67,268,169),(2196,68,272,169),(2197,69,275,169),(2198,70,279,169),(2199,94,374,169),(2200,95,378,169),(2201,91,362,169),(2202,92,367,169),(2203,93,371,169),(2204,96,382,169),(2205,100,398,169),(2206,101,401,169),(2207,102,408,169),(2208,97,388,169),(2209,98,392,169),(2210,99,396,169),(2211,48,190,169),(2212,49,194,169),(2213,50,197,169),(2214,51,203,169),(2215,52,206,169),(2216,53,212,169),(2217,54,215,169),(2218,55,217,169),(2219,56,222,169),(2220,57,225,169),(2221,58,231,169),(2222,59,233,169),(2223,60,239,169),(2224,61,242,169),(2225,62,246,169),(2226,63,251,169),(2327,71,283,177),(2328,72,287,177),(2329,73,291,177),(2330,74,294,177),(2331,64,255,177),(2332,65,259,177),(2333,66,261,177),(2334,75,298,177),(2335,76,303,177),(2336,77,307,177),(2337,67,267,177),(2338,68,271,177),(2339,69,276,177),(2340,70,280,177),(2341,94,374,177),(2342,95,378,177),(2343,91,361,177),(2344,92,366,177),(2345,93,369,177),(2346,96,381,177),(2347,100,397,177),(2348,101,401,177),(2349,102,405,177),(2350,97,385,177),(2351,98,389,177),(2352,99,393,177),(2353,48,191,177),(2354,49,194,177),(2355,50,199,177),(2356,51,201,177),(2357,52,207,177),(2358,53,211,177),(2359,54,215,177),(2360,55,220,177),(2361,56,221,177),(2362,57,226,177),(2363,58,231,177),(2364,59,235,177),(2365,60,238,177),(2366,61,243,177),(2367,62,247,177),(2368,63,251,177),(2369,71,283,176),(2370,72,286,176),(2371,73,291,176),(2372,74,294,176),(2373,64,254,176),(2374,65,257,176),(2375,66,263,176),(2376,75,300,176),(2377,76,302,176),(2378,77,306,176),(2379,67,266,176),(2380,68,271,176),(2381,69,275,176),(2382,70,279,176),(2383,94,375,176),(2384,95,379,176),(2385,91,363,176),(2386,92,367,176),(2387,93,371,176),(2388,96,383,176),(2389,100,399,176),(2390,101,402,176),(2391,102,407,176),(2392,97,387,176),(2393,98,392,176),(2394,99,396,176),(2395,48,191,176),(2396,49,194,176),(2397,50,199,176),(2398,51,203,176),(2399,52,207,176),(2400,53,211,176),(2401,54,215,176),(2402,55,219,176),(2403,56,223,176),(2404,57,227,176),(2405,58,230,176),(2406,59,234,176),(2407,60,238,176),(2408,61,242,176),(2409,62,246,176),(2410,63,250,176),(2411,71,281,179),(2412,72,285,179),(2413,73,290,179),(2414,74,294,179),(2415,64,253,179),(2416,65,257,179),(2417,66,261,179),(2418,75,298,179),(2419,76,304,179),(2420,77,307,179),(2421,67,267,179),(2422,68,269,179),(2423,69,273,179),(2424,70,280,179),(2425,94,375,179),(2426,95,378,179),(2427,91,362,179),(2428,92,367,179),(2429,93,371,179),(2430,96,382,179),(2431,100,400,179),(2432,101,402,179),(2433,102,407,179),(2434,97,386,179),(2435,98,390,179),(2436,99,394,179),(2437,48,191,179),(2438,49,194,179),(2439,50,198,179),(2440,51,202,179),(2441,52,205,179),(2442,53,212,179),(2443,54,213,179),(2444,55,220,179),(2445,56,223,179),(2446,57,228,179),(2447,58,230,179),(2448,59,235,179),(2449,60,237,179),(2450,61,242,179),(2451,62,248,179),(2452,63,251,179),(2453,71,283,180),(2454,72,286,180),(2455,73,290,180),(2456,74,295,180),(2457,64,255,180),(2458,65,260,180),(2459,66,263,180),(2460,75,298,180),(2461,76,302,180),(2462,77,305,180),(2463,67,267,180),(2464,68,269,180),(2465,69,275,180),(2466,70,279,180),(2467,94,374,180),(2468,95,378,180),(2469,91,364,180),(2470,92,367,180),(2471,93,370,180),(2472,96,383,180),(2473,100,398,180),(2474,101,401,180),(2475,102,405,180),(2476,97,385,180),(2477,98,389,180),(2478,99,393,180),(2479,48,191,180),(2480,49,193,180),(2481,50,197,180),(2482,51,202,180),(2483,52,205,180),(2484,53,209,180),(2485,54,216,180),(2486,55,218,180),(2487,56,222,180),(2488,57,226,180),(2489,58,229,180),(2490,59,234,180),(2491,60,237,180),(2492,61,241,180),(2493,62,245,180),(2494,63,249,180),(2495,71,284,181),(2496,72,286,181),(2497,73,289,181),(2498,74,294,181),(2499,64,255,181),(2500,65,257,181),(2501,66,262,181),(2502,75,298,181),(2503,76,301,181),(2504,77,305,181),(2505,67,265,181),(2506,68,270,181),(2507,69,275,181),(2508,70,279,181),(2509,94,375,181),(2510,95,377,181),(2511,91,362,181),(2512,92,367,181),(2513,93,372,181),(2514,96,382,181),(2515,100,399,181),(2516,101,401,181),(2517,102,406,181),(2518,97,385,181),(2519,98,389,181),(2520,99,394,181),(2521,48,190,181),(2522,49,194,181),(2523,50,197,181),(2524,51,202,181),(2525,52,206,181),(2526,53,211,181),(2527,54,215,181),(2528,55,218,181),(2529,56,221,181),(2530,57,227,181),(2531,58,232,181),(2532,59,234,181),(2533,60,238,181),(2534,61,242,181),(2535,62,247,181),(2536,63,250,181),(2537,71,282,182),(2538,72,285,182),(2539,73,290,182),(2540,74,295,182),(2541,64,255,182),(2542,65,258,182),(2543,66,262,182),(2544,75,299,182),(2545,76,304,182),(2546,77,307,182),(2547,67,268,182),(2548,68,271,182),(2549,69,273,182),(2550,70,278,182),(2551,94,376,182),(2552,95,380,182),(2553,91,361,182),(2554,92,367,182),(2555,93,370,182),(2556,96,382,182),(2557,100,398,182),(2558,101,401,182),(2559,102,406,182),(2560,97,387,182),(2561,98,390,182),(2562,99,394,182),(2563,48,190,182),(2564,49,196,182),(2565,50,200,182),(2566,51,202,182),(2567,52,207,182),(2568,53,211,182),(2569,54,213,182),(2570,55,220,182),(2571,56,223,182),(2572,57,227,182),(2573,58,230,182),(2574,59,235,182),(2575,60,238,182),(2576,61,241,182),(2577,62,246,182),(2578,63,250,182),(2579,71,282,183),(2580,72,287,183),(2581,73,290,183),(2582,74,295,183),(2583,64,255,183),(2584,65,257,183),(2585,66,261,183),(2586,75,298,183),(2587,76,301,183),(2588,77,307,183),(2589,67,267,183),(2590,68,270,183),(2591,69,274,183),(2592,70,277,183),(2593,94,373,183),(2594,95,379,183),(2595,91,363,183),(2596,92,366,183),(2597,93,370,183),(2598,96,381,183),(2599,100,399,183),(2600,101,402,183),(2601,102,406,183),(2602,97,387,183),(2603,98,391,183),(2604,99,394,183),(2605,48,190,183),(2606,49,194,183),(2607,50,198,183),(2608,51,201,183),(2609,52,206,183),(2610,53,212,183),(2611,54,214,183),(2612,55,218,183),(2613,56,224,183),(2614,57,226,183),(2615,58,230,183),(2616,59,236,183),(2617,60,239,183),(2618,61,241,183),(2619,62,245,183),(2620,63,250,183),(2621,71,282,184),(2622,72,288,184),(2623,73,289,184),(2624,74,296,184),(2625,64,256,184),(2626,65,258,184),(2627,66,262,184),(2628,75,300,184),(2629,76,301,184),(2630,77,306,184),(2631,67,266,184),(2632,68,270,184),(2633,69,275,184),(2634,70,279,184),(2635,94,373,184),(2636,95,377,184),(2637,91,362,184),(2638,92,365,184),(2639,93,372,184),(2640,96,382,184),(2641,100,399,184),(2642,101,401,184),(2643,102,405,184),(2644,97,387,184),(2645,98,391,184),(2646,99,395,184),(2647,48,190,184),(2648,49,195,184),(2649,50,199,184),(2650,51,202,184),(2651,52,206,184),(2652,53,210,184),(2653,54,214,184),(2654,55,220,184),(2655,56,222,184),(2656,57,226,184),(2657,58,230,184),(2658,59,234,184),(2659,60,239,184),(2660,61,242,184),(2661,62,246,184),(2662,63,249,184),(2663,71,284,185),(2664,72,287,185),(2665,73,289,185),(2666,74,294,185),(2667,64,255,185),(2668,65,258,185),(2669,66,261,185),(2670,75,297,185),(2671,76,302,185),(2672,77,307,185),(2673,67,266,185),(2674,68,270,185),(2675,69,274,185),(2676,70,277,185),(2677,94,373,185),(2678,95,378,185),(2679,91,363,185),(2680,92,366,185),(2681,93,371,185),(2682,96,382,185),(2683,100,398,185),(2684,101,403,185),(2685,102,405,185),(2686,97,385,185),(2687,98,389,185),(2688,99,394,185),(2689,48,190,185),(2690,49,193,185),(2691,50,197,185),(2692,51,202,185),(2693,52,206,185),(2694,53,210,185),(2695,54,213,185),(2696,55,218,185),(2697,56,224,185),(2698,57,225,185),(2699,58,230,185),(2700,59,235,185),(2701,60,240,185),(2702,61,243,185),(2703,62,246,185),(2704,63,250,185),(2705,71,282,186),(2706,72,287,186),(2707,73,289,186),(2708,74,295,186),(2709,64,253,186),(2710,65,259,186),(2711,66,262,186),(2712,75,300,186),(2713,76,303,186),(2714,77,306,186),(2715,67,265,186),(2716,68,271,186),(2717,69,274,186),(2718,70,278,186),(2719,94,374,186),(2720,95,378,186),(2721,91,361,186),(2722,92,365,186),(2723,93,370,186),(2724,96,383,186),(2725,100,399,186),(2726,101,402,186),(2727,102,406,186),(2728,97,387,186),(2729,98,390,186),(2730,99,396,186),(2731,48,189,186),(2732,49,195,186),(2733,50,198,186),(2734,51,203,186),(2735,52,208,186),(2736,53,211,186),(2737,54,215,186),(2738,55,220,186),(2739,56,223,186),(2740,57,226,186),(2741,58,229,186),(2742,59,234,186),(2743,60,237,186),(2744,61,243,186),(2745,62,246,186),(2746,63,251,186),(2747,71,282,187),(2748,72,286,187),(2749,73,291,187),(2750,74,295,187),(2751,64,255,187),(2752,65,259,187),(2753,66,263,187),(2754,75,300,187),(2755,76,302,187),(2756,77,306,187),(2757,67,268,187),(2758,68,270,187),(2759,69,274,187),(2760,70,278,187),(2761,94,375,187),(2762,95,377,187),(2763,91,363,187),(2764,92,367,187),(2765,93,370,187),(2766,96,383,187),(2767,100,399,187),(2768,101,403,187),(2769,102,406,187),(2770,97,387,187),(2771,98,391,187),(2772,99,393,187),(2773,48,192,187),(2774,49,194,187),(2775,50,198,187),(2776,51,204,187),(2777,52,205,187),(2778,53,210,187),(2779,54,216,187),(2780,55,218,187),(2781,56,222,187),(2782,57,227,187),(2783,58,232,187),(2784,59,234,187),(2785,60,238,187),(2786,61,242,187),(2787,62,246,187),(2788,63,251,187),(2789,71,283,175),(2790,72,286,175),(2791,73,290,175),(2792,74,293,175),(2793,64,254,175),(2794,65,258,175),(2795,66,261,175),(2796,75,298,175),(2797,76,303,175),(2798,77,306,175),(2799,67,267,175),(2800,68,271,175),(2801,69,275,175),(2802,70,278,175),(2803,94,373,175),(2804,95,377,175),(2805,91,364,175),(2806,92,366,175),(2807,93,370,175),(2808,96,382,175),(2809,100,398,175),(2810,101,403,175),(2811,102,405,175),(2812,97,386,175),(2813,98,391,175),(2814,99,394,175),(2815,48,191,175),(2816,49,195,175),(2817,50,198,175),(2818,51,202,175),(2819,52,206,175),(2820,53,212,175),(2821,54,215,175),(2822,55,218,175),(2823,56,223,175),(2824,57,226,175),(2825,58,231,175),(2826,59,234,175),(2827,60,238,175),(2828,61,241,175),(2829,62,246,175),(2830,63,252,175),(2833,39,153,7),(2834,46,181,7),(2835,1,1,7),(2836,1,1,7),(2837,1,1,7),(2838,1,1,7),(2839,1,1,7),(2840,1,1,7),(2841,1,4,7),(2842,122,485,7),(2843,123,490,7),(2844,124,496,7),(2845,122,486,7),(2846,123,489,7),(2847,124,493,7),(2848,122,487,8),(2849,123,489,8),(2850,124,495,8),(2851,122,487,7),(2852,123,490,7),(2853,124,496,7),(2854,122,485,194),(2855,123,489,194),(2856,124,493,194),(2857,122,485,194),(2858,123,490,194),(2859,124,494,194),(2860,122,485,194),(2861,123,490,194),(2862,124,494,194),(2863,122,486,194),(2864,123,490,194),(2865,124,496,194),(2866,122,486,194),(2867,123,491,194),(2868,124,493,194),(2869,122,488,194),(2870,123,490,194),(2871,124,496,194),(2872,122,486,194),(2873,123,492,194),(2874,124,496,194),(2875,122,487,194),(2876,123,492,194),(2877,124,493,194),(2878,122,487,194),(2879,123,491,194),(2880,124,495,194),(2881,122,488,194),(2882,123,491,194),(2883,124,493,194),(2884,125,497,195),(2885,126,502,195),(2886,127,507,195),(2887,128,512,195),(2888,122,486,4),(2889,123,489,4),(2890,124,496,4),(2891,122,487,4),(2892,123,490,4),(2893,124,494,4),(2894,122,486,4),(2895,123,490,4),(2896,124,493,4),(2897,122,487,4),(2898,123,491,4),(2899,124,493,4),(2900,122,486,4),(2901,123,490,4),(2902,124,494,4),(2903,122,486,4),(2904,123,490,4),(2905,124,494,4),(2906,122,486,4),(2907,123,492,4),(2908,124,494,4),(2909,122,486,4),(2910,123,492,4),(2911,124,494,4),(2912,136,542,4),(2913,125,499,4),(2914,132,527,4),(2915,133,531,4),(2916,134,535,4),(2917,135,539,4),(2918,126,502,4),(2919,127,507,4),(2920,128,511,4),(2921,129,515,4),(2922,130,518,4),(2923,131,523,4),(2924,136,544,4),(2925,125,498,4),(2926,132,526,4),(2927,133,531,4),(2928,134,535,4),(2929,135,538,4),(2930,126,504,4),(2931,127,507,4),(2932,128,512,4),(2933,129,514,4),(2934,130,518,4),(2935,131,523,4),(2936,136,543,4),(2937,125,499,4),(2938,132,528,4),(2939,133,531,4),(2940,134,535,4),(2941,135,540,4),(2942,126,503,4),(2943,127,508,4),(2944,128,511,4),(2945,129,515,4),(2946,130,520,4),(2947,131,523,4),(2948,136,542,4),(2949,125,499,4),(2950,132,527,4),(2951,133,530,4),(2952,134,535,4),(2953,135,539,4),(2954,126,503,4),(2955,127,508,4),(2956,128,511,4),(2957,129,515,4),(2958,130,519,4),(2959,131,522,4),(2960,136,544,6),(2961,125,499,6),(2962,132,526,6),(2963,133,531,6),(2964,134,535,6),(2965,135,540,6),(2966,126,502,6),(2967,127,507,6),(2968,128,511,6),(2969,129,516,6),(2970,130,520,6),(2971,131,522,6);
/*!40000 ALTER TABLE `resposta` ENABLE KEYS */;
UNLOCK TABLES;

--
-- Table structure for table `tipo_abordagem`
--

DROP TABLE IF EXISTS `tipo_abordagem`;
/*!40101 SET @saved_cs_client     = @@character_set_client */;
/*!40101 SET character_set_client = utf8 */;
CREATE TABLE `tipo_abordagem` (
  `id` int(11) NOT NULL AUTO_INCREMENT,
  `tipo` varchar(100) DEFAULT NULL,
  PRIMARY KEY (`id`)
) ENGINE=InnoDB AUTO_INCREMENT=8 DEFAULT CHARSET=latin1;
/*!40101 SET character_set_client = @saved_cs_client */;

--
-- Dumping data for table `tipo_abordagem`
--

LOCK TABLES `tipo_abordagem` WRITE;
/*!40000 ALTER TABLE `tipo_abordagem` DISABLE KEYS */;
INSERT INTO `tipo_abordagem` VALUES (1,'Estratégica'),(2,'Cultural'),(3,'Geográfica'),(4,'Político-Social'),(5,'Econômica'),(6,'Operacinal'),(7,'Técnico-Científico');
/*!40000 ALTER TABLE `tipo_abordagem` ENABLE KEYS */;
UNLOCK TABLES;

--
-- Table structure for table `tipo_avaliacao`
--

DROP TABLE IF EXISTS `tipo_avaliacao`;
/*!40101 SET @saved_cs_client     = @@character_set_client */;
/*!40101 SET character_set_client = utf8 */;
CREATE TABLE `tipo_avaliacao` (
  `id` int(11) NOT NULL AUTO_INCREMENT,
  `tipo` varchar(100) DEFAULT NULL,
  PRIMARY KEY (`id`)
) ENGINE=InnoDB AUTO_INCREMENT=5 DEFAULT CHARSET=latin1;
/*!40101 SET character_set_client = @saved_cs_client */;

--
-- Dumping data for table `tipo_avaliacao`
--

LOCK TABLES `tipo_avaliacao` WRITE;
/*!40000 ALTER TABLE `tipo_avaliacao` DISABLE KEYS */;
INSERT INTO `tipo_avaliacao` VALUES (1,'Avaliação de Desempenho Profissional'),(2,'Avaliação de Aprendizagem'),(3,'Avaliação de Programas ou Projetos'),(4,'Avaliação Institucional');
/*!40000 ALTER TABLE `tipo_avaliacao` ENABLE KEYS */;
UNLOCK TABLES;

--
-- Table structure for table `tipo_nivel`
--

DROP TABLE IF EXISTS `tipo_nivel`;
/*!40101 SET @saved_cs_client     = @@character_set_client */;
/*!40101 SET character_set_client = utf8 */;
CREATE TABLE `tipo_nivel` (
  `id` int(11) NOT NULL AUTO_INCREMENT,
  `tipo` varchar(100) DEFAULT NULL,
  PRIMARY KEY (`id`)
) ENGINE=InnoDB AUTO_INCREMENT=4 DEFAULT CHARSET=latin1;
/*!40101 SET character_set_client = @saved_cs_client */;

--
-- Dumping data for table `tipo_nivel`
--

LOCK TABLES `tipo_nivel` WRITE;
/*!40000 ALTER TABLE `tipo_nivel` DISABLE KEYS */;
INSERT INTO `tipo_nivel` VALUES (1,'Excelente...Regular'),(2,'4...1'),(3,'Alto...Muito Baixo');
/*!40000 ALTER TABLE `tipo_nivel` ENABLE KEYS */;
UNLOCK TABLES;

--
-- Table structure for table `tipo_resultado`
--

DROP TABLE IF EXISTS `tipo_resultado`;
/*!40101 SET @saved_cs_client     = @@character_set_client */;
/*!40101 SET character_set_client = utf8 */;
CREATE TABLE `tipo_resultado` (
  `id` int(11) NOT NULL AUTO_INCREMENT,
  `tipo` varchar(100) DEFAULT NULL,
  PRIMARY KEY (`id`)
) ENGINE=InnoDB AUTO_INCREMENT=5 DEFAULT CHARSET=latin1;
/*!40101 SET character_set_client = @saved_cs_client */;

--
-- Dumping data for table `tipo_resultado`
--

LOCK TABLES `tipo_resultado` WRITE;
/*!40000 ALTER TABLE `tipo_resultado` DISABLE KEYS */;
INSERT INTO `tipo_resultado` VALUES (1,'Técnico'),(2,'Político'),(3,'Sociais'),(4,'Econômicos');
/*!40000 ALTER TABLE `tipo_resultado` ENABLE KEYS */;
UNLOCK TABLES;

--
-- Table structure for table `universo`
--

DROP TABLE IF EXISTS `universo`;
/*!40101 SET @saved_cs_client     = @@character_set_client */;
/*!40101 SET character_set_client = utf8 */;
CREATE TABLE `universo` (
  `id` int(11) NOT NULL AUTO_INCREMENT,
  `nome` varchar(100) DEFAULT NULL,
  `qtd_limitante` int(11) DEFAULT NULL,
  `objeto_id` int(11) NOT NULL,
  PRIMARY KEY (`id`),
  KEY `fk_universo_objeto1` (`objeto_id`),
  CONSTRAINT `fk_universo_objeto1` FOREIGN KEY (`objeto_id`) REFERENCES `objeto` (`id`) ON DELETE NO ACTION ON UPDATE NO ACTION
) ENGINE=InnoDB AUTO_INCREMENT=46 DEFAULT CHARSET=latin1;
/*!40101 SET character_set_client = @saved_cs_client */;

--
-- Dumping data for table `universo`
--

LOCK TABLES `universo` WRITE;
/*!40000 ALTER TABLE `universo` DISABLE KEYS */;
INSERT INTO `universo` VALUES (1,'teste',0,1),(2,' VALENÇA - População',80000,1),(3,'Universo da População de Valença.',80000,2),(4,'UERJ e FAETEC',9000,3),(10,'teste universo',3,12),(11,'teste novo universo',3000,13),(12,'teste',400,14),(13,'teste',400,15),(14,'teste',0,16),(15,'teste',0,17),(16,'ALUNOS DA UERJ',23000,18),(17,'teste',1000,19),(18,'teste',123456,20),(19,'meu universo editado',1234,21),(20,'EQUIPE  DE DESENVOLVIMENTO',20,25),(21,'Cidadãos da região metropolitana do Rio de Janeiro',12603939,26),(22,'Cidade do Rio de Janeiro',3,28),(23,'UERJ',1000,29),(24,'Cidade do Rio de Janeiro',6323037,28),(25,'UERJ',23000,29),(26,'UERJ',23000,29),(27,'',NULL,33),(28,'Teste',123414,34),(29,'ORIENTADORES TECLAC',32,35),(30,'lala',200,36),(31,'Alunos uerj',1200,37),(32,'',NULL,38),(33,'teste',2040,39),(34,'teste',2040,39),(35,'lala',NULL,40),(36,'lala',NULL,40),(37,'lala',NULL,40),(38,'lala',NULL,40),(39,'lala',NULL,40),(40,'',NULL,42),(41,'Funcionários',NULL,43),(42,'cozinha',10,45),(43,'Teste Universo',200,46),(44,'População do município do Rio de janeiro',6000000,47),(45,'Estado do Rio de Janeiro',1150,48);
/*!40000 ALTER TABLE `universo` ENABLE KEYS */;
UNLOCK TABLES;

--
-- Table structure for table `usuario`
--

DROP TABLE IF EXISTS `usuario`;
/*!40101 SET @saved_cs_client     = @@character_set_client */;
/*!40101 SET character_set_client = utf8 */;
CREATE TABLE `usuario` (
  `id` int(11) NOT NULL AUTO_INCREMENT,
  `usuario` varchar(45) DEFAULT NULL,
  `senha` varchar(45) DEFAULT NULL,
  `grupo_id` int(11) NOT NULL,
  `criado_por` int(11) DEFAULT NULL,
  `nome` varchar(75) DEFAULT NULL,
  `email` varchar(30) DEFAULT NULL,
  `telefone` varchar(15) DEFAULT NULL,
  PRIMARY KEY (`id`),
  KEY `fk_usuario_grupo1` (`grupo_id`),
  CONSTRAINT `fk_usuario_grupo1` FOREIGN KEY (`grupo_id`) REFERENCES `grupo` (`id`) ON DELETE NO ACTION ON UPDATE NO ACTION
) ENGINE=InnoDB AUTO_INCREMENT=200 DEFAULT CHARSET=latin1;
/*!40101 SET character_set_client = @saved_cs_client */;

--
-- Dumping data for table `usuario`
--

LOCK TABLES `usuario` WRITE;
/*!40000 ALTER TABLE `usuario` DISABLE KEYS */;
INSERT INTO `usuario` VALUES (1,'admin','1234',1,NULL,NULL,NULL,NULL),(3,'Sergio','1234',2,1,NULL,NULL,NULL),(4,'avaliado','1234',2,1,NULL,NULL,NULL),(5,'teste','1234',2,1,NULL,NULL,NULL),(6,'teste2','1234',2,1,NULL,NULL,NULL),(7,'Aluno1','aluno1',2,1,NULL,NULL,NULL),(8,'Aluno2','aluno2',2,1,NULL,NULL,NULL),(9,'Aluno3','aluno3',2,1,NULL,NULL,NULL),(10,'Aluno4','aluno4',2,1,NULL,NULL,NULL),(11,'Aluno5','aluno5',2,1,NULL,NULL,NULL),(12,'Aluno6','aluno6',2,1,NULL,NULL,NULL),(13,'Aluno7','aluno7',2,1,NULL,NULL,NULL),(14,'Aluno8','aluno8',2,1,NULL,NULL,NULL),(15,'Aluno9','aluno9',2,1,NULL,NULL,NULL),(16,'Aluno10','aluno10',2,1,NULL,NULL,NULL),(17,'Aluno11','aluno11',2,1,NULL,NULL,NULL),(18,'Aluno12','aluno12',2,1,NULL,NULL,NULL),(19,'Aluno13','aluno13',2,1,NULL,NULL,NULL),(20,'Aluno14','aluno14',2,1,NULL,NULL,NULL),(21,'Aluno15','aluno15',2,1,NULL,NULL,NULL),(22,'Aluno16','aluno16',2,1,NULL,NULL,NULL),(23,'Aluno17','aluno17',2,1,NULL,NULL,NULL),(24,'Aluno18','aluno18',2,1,NULL,NULL,NULL),(25,'Aluno19','aluno19',2,1,NULL,NULL,NULL),(26,'Aluno20','aluno20',2,1,NULL,NULL,NULL),(27,'Prof','2727',2,1,NULL,NULL,NULL),(28,'teste@sergio','1234',1,NULL,'sergio henrique carvalho da silva','sergio@teste.com','84131666'),(30,'teste@sergio2','1234',1,NULL,'teste sergio','teste@teste.com','84131666'),(31,'teste@sergio3','1234',1,NULL,'teste sergio','teste@teste.co','84131666'),(32,'teste@sergio5','1234',1,NULL,'teste sergio','teste@teste.com','8413166'),(33,'teste henrique','1234',2,1,NULL,NULL,NULL),(34,'sergio.h.silva','1234',1,NULL,'sergio henrique carvalho da silva','teste@sergio.com','84131666'),(35,'admin1','1234',3,NULL,'sergio henrique ','teste','123123123'),(36,'admin6','teste',1,NULL,'sergio','teste','teste'),(37,'sheila','123456',2,1,NULL,NULL,NULL),(38,'maria1','123456',2,1,NULL,NULL,NULL),(39,'maria2','123456',2,1,NULL,NULL,NULL),(40,'maria3','123456',2,1,NULL,NULL,NULL),(42,'aluno','123456',2,1,NULL,NULL,NULL),(44,'GrupoDois','senha1234',1,NULL,'GrupoDois','vbaeta@globo.com',''),(45,'grupoum','grupoum',1,NULL,'GrupoUm','faria_thales@hotmail.com',''),(46,'helena.ag','150188',1,NULL,'Helena Abilio Gerstner','abilio.helena@gmail.com','2197331776'),(47,'Aluno101','aluno101',2,1,NULL,NULL,NULL),(48,'USUARIO11','USUARIO11SENHA',2,44,NULL,NULL,NULL),(49,'USUARIO12','USUARIO12SENHA',2,44,NULL,NULL,NULL),(50,'USUARIO13','USUARIO13SENHA',2,44,NULL,NULL,NULL),(51,'USUARIO14','USUARIO14SENHA',2,44,NULL,NULL,NULL),(52,'USUARIO15','USUARIO15SENHA',2,44,NULL,NULL,NULL),(53,'USUARIO16','USUARIO16SENHA',2,44,NULL,NULL,NULL),(54,'USUARIO17','USUARIO17SENHA',2,44,NULL,NULL,NULL),(55,'USUARIO18','USUARIO18SENHA',2,44,NULL,NULL,NULL),(56,'USUARIO19','USUARIO19SENHA',2,44,NULL,NULL,NULL),(57,'USUARIO20','USUARIO20SENHA',2,44,NULL,NULL,NULL),(58,'Marinilza','MarinilzaSENHA',2,44,NULL,NULL,NULL),(59,'TailaMendes','tailamendes',2,44,NULL,NULL,NULL),(60,'RenatoCabral','renatocabral',2,44,NULL,NULL,NULL),(61,'Francisco','francisco',2,44,NULL,NULL,NULL),(62,'JessicaRosa','jessicarosa',2,44,NULL,NULL,NULL),(63,'ViniciusBaeta','viniciusbaeta',2,44,NULL,NULL,NULL),(64,'avime1','avime1',2,46,NULL,NULL,NULL),(65,'aluno1','aluno1',2,45,NULL,NULL,NULL),(66,'aluno2','aluno2',2,45,NULL,NULL,NULL),(67,'aluno3','aluno3',2,45,NULL,NULL,NULL),(68,'aluno4','aluno4',2,45,NULL,NULL,NULL),(69,'aluno5','aluno5',2,45,NULL,NULL,NULL),(70,'aluno6','aluno6',2,45,NULL,NULL,NULL),(71,'aluno7','aluno7',2,45,NULL,NULL,NULL),(72,'aluno8','aluno8',2,45,NULL,NULL,NULL),(73,'aluno9','aluno9',2,45,NULL,NULL,NULL),(74,'aluno10','aluno10',2,45,NULL,NULL,NULL),(75,'aluno11','aluno11',2,45,NULL,NULL,NULL),(76,'aluno12','aluno12',2,45,NULL,NULL,NULL),(77,'aluno13','aluno13',2,45,NULL,NULL,NULL),(78,'aluno14','aluno14',2,45,NULL,NULL,NULL),(79,'aluno15','aluno15',2,45,NULL,NULL,NULL),(80,'aluno16','aluno16',2,45,NULL,NULL,NULL),(81,'aluno17','aluno17',2,45,NULL,NULL,NULL),(82,'aluno18','aluno18',2,45,NULL,NULL,NULL),(83,'aluno19','aluno19',2,45,NULL,NULL,NULL),(84,'aluno20','aluno20',2,45,NULL,NULL,NULL),(85,'aluno21','aluno21',2,45,NULL,NULL,NULL),(86,'aluno22','aluno22',2,45,NULL,NULL,NULL),(87,'aluno23','aluno23',2,45,NULL,NULL,NULL),(88,'aluno24','aluno24',2,45,NULL,NULL,NULL),(89,'aluno25','aluno25',2,45,NULL,NULL,NULL),(90,'aluno26','aluno26',2,45,NULL,NULL,NULL),(91,'aluno27','aluno27',2,45,NULL,NULL,NULL),(92,'aluno28','aluno28',2,45,NULL,NULL,NULL),(93,'aluno29','aluno29',2,45,NULL,NULL,NULL),(94,'aluno30','aluno30',2,45,NULL,NULL,NULL),(95,'aluno31','aluno31',2,45,NULL,NULL,NULL),(96,'aluno32','aluno32',2,45,NULL,NULL,NULL),(97,'aluno33','aluno33',2,45,NULL,NULL,NULL),(98,'aluno34','aluno34',2,45,NULL,NULL,NULL),(99,'aluno35','aluno35',2,45,NULL,NULL,NULL),(100,'aluno36','aluno36',2,45,NULL,NULL,NULL),(101,'aluno37','aluno37',2,45,NULL,NULL,NULL),(102,'aluno38','aluno38',2,45,NULL,NULL,NULL),(103,'aluno39','aluno39',2,45,NULL,NULL,NULL),(104,'aluno40','aluno40',2,45,NULL,NULL,NULL),(105,'aluno41','aluno41',2,45,NULL,NULL,NULL),(106,'aluno42','aluno42',2,45,NULL,NULL,NULL),(107,'aluno43','aluno43',2,45,NULL,NULL,NULL),(108,'aluno44','aluno44',2,45,NULL,NULL,NULL),(109,'aluno45','aluno45',2,45,NULL,NULL,NULL),(110,'aluno46','aluno46',2,45,NULL,NULL,NULL),(111,'aluno47','aluno47',2,45,NULL,NULL,NULL),(112,'aluno48','aluno48',2,45,NULL,NULL,NULL),(113,'aluno49','aluno49',2,45,NULL,NULL,NULL),(114,'aluno50','aluno50',2,45,NULL,NULL,NULL),(115,'aluno50','aluno50',2,45,NULL,NULL,NULL),(116,'andre','andre',2,1,NULL,NULL,NULL),(117,'USUARIO31','usuario31senha',2,44,NULL,NULL,NULL),(118,'USUARIO32','usuario32senha',2,44,NULL,NULL,NULL),(119,'USUARIO33','usuario33senha',2,44,NULL,NULL,NULL),(120,'USUARIO34','usuario34senha',2,44,NULL,NULL,NULL),(121,'USUARIO35','usuario35senha',2,44,NULL,NULL,NULL),(122,'USUARIO36','usuario36senha',2,44,NULL,NULL,NULL),(123,'USUARIO37','usuario37senha',2,44,NULL,NULL,NULL),(124,'USUARIO38','usuario38senha',2,44,NULL,NULL,NULL),(125,'USUARIO39','usuario39senha',2,44,NULL,NULL,NULL),(126,'USUARIO40','usuario40senha',2,44,NULL,NULL,NULL),(127,'USUARIO21','usuario21',2,44,NULL,NULL,NULL),(128,'USUARIO22','usuario22',2,44,NULL,NULL,NULL),(129,'USUARIO23','usuario23',2,44,NULL,NULL,NULL),(130,'USUARIO24','usuario24',2,44,NULL,NULL,NULL),(131,'USUARIO25','usuario25',2,44,NULL,NULL,NULL),(132,'USUARIO26','usuario26',2,44,NULL,NULL,NULL),(133,'USUARIO27','usuario27',2,44,NULL,NULL,NULL),(134,'USUARIO27','usuario27',2,44,NULL,NULL,NULL),(135,'USUARIO28','usuario28',2,44,NULL,NULL,NULL),(136,'USUARIO29','usuario29',2,44,NULL,NULL,NULL),(137,'USUARIO30','usuario30',2,44,NULL,NULL,NULL),(138,'USUARIO41','USUARIO41',2,44,NULL,NULL,NULL),(139,'USUARIO42','USUARIO42',2,44,NULL,NULL,NULL),(140,'USUARIO43','USUARIO43',2,44,NULL,NULL,NULL),(141,'USUARIO44','USUARIO44',2,44,NULL,NULL,NULL),(142,'USUARIO45','USUARIO45',2,44,NULL,NULL,NULL),(143,'USUARIO46','USUARIO46',2,44,NULL,NULL,NULL),(144,'USUARIO47','USUARIO47',2,44,NULL,NULL,NULL),(145,'USUARIO48','USUARIO48',2,44,NULL,NULL,NULL),(146,'USUARIO49','USUARIO49',2,44,NULL,NULL,NULL),(147,'USUARIO50','USUARIO50',2,44,NULL,NULL,NULL),(148,'Dudah','LokaLoka',1,NULL,'Bruna dos Santos','bruna.san@outlook.com','9549-3731'),(149,'aluno51','aluno51',2,45,NULL,NULL,NULL),(150,'aluno52','aluno52',2,45,NULL,NULL,NULL),(151,'aluno53','aluno53',2,45,NULL,NULL,NULL),(152,'aluno54','aluno54',2,45,NULL,NULL,NULL),(153,'aluno55','aluno55',2,45,NULL,NULL,NULL),(154,'aluno56','aluno56',2,45,NULL,NULL,NULL),(155,'aluno57','aluno57',2,45,NULL,NULL,NULL),(156,'aluno58','aluno58',2,45,NULL,NULL,NULL),(157,'aluno59\'','aluno59',2,45,NULL,NULL,NULL),(158,'aluno60','aluno60',2,45,NULL,NULL,NULL),(159,'aluno61','aluno61',2,45,NULL,NULL,NULL),(160,'aluno62','aluno62',2,45,NULL,NULL,NULL),(161,'aluno63','aluno63',2,45,NULL,NULL,NULL),(162,'aluno64','aluno64',2,45,NULL,NULL,NULL),(163,'aluno65','aluno65',2,45,NULL,NULL,NULL),(164,'aluno66','aluno66',2,45,NULL,NULL,NULL),(165,'aluno67','aluno67',2,45,NULL,NULL,NULL),(166,'aluno68','aluno68',2,45,NULL,NULL,NULL),(167,'aluno69','aluno69',2,45,NULL,NULL,NULL),(168,'sysadmin','1234',3,NULL,'Administrador do sistema','teste@teste.com','1234-5678'),(169,'avime2','avime2',2,46,NULL,NULL,NULL),(170,'avime3','avime3',2,46,NULL,NULL,NULL),(171,'avime4','avime4',2,46,NULL,NULL,NULL),(172,'avime5','avime5',2,46,NULL,NULL,NULL),(173,'avime6','avime6',2,46,NULL,NULL,NULL),(174,'avime7','avime7',2,46,NULL,NULL,NULL),(175,'avime8','avime8',2,46,NULL,NULL,NULL),(176,'avime9','avime9',2,46,NULL,NULL,NULL),(177,'avime10','avime10',2,46,NULL,NULL,NULL),(178,'avime11','avime11',2,46,NULL,NULL,NULL),(179,'avime12','avime12',2,46,NULL,NULL,NULL),(180,'avime13','avime13',2,46,NULL,NULL,NULL),(181,'avime14','avime14',2,46,NULL,NULL,NULL),(182,'avime15','avime15',2,46,NULL,NULL,NULL),(183,'avime16','avime16',2,46,NULL,NULL,NULL),(184,'avime17','avime17',2,46,NULL,NULL,NULL),(185,'avime18','avime18',2,46,NULL,NULL,NULL),(186,'avime19','avime19',2,46,NULL,NULL,NULL),(187,'avime20','avime20',2,46,NULL,NULL,NULL),(188,'Xavier','mxs10561',1,NULL,'Marcio Xavier','marcio_senra@Hotmail.com','21 25070002'),(189,'Ester','ester',2,188,NULL,NULL,NULL),(190,'Sheila','sheila',2,188,NULL,NULL,NULL),(191,'senac','senac1234',1,NULL,'SENAC','',''),(192,'danshe','160261',2,NULL,'sheila','danshe@','1111'),(194,'dunha','1234',2,NULL,NULL,NULL,NULL),(195,'Marcio','1234',2,NULL,NULL,NULL,NULL),(196,'diogo33','1234',2,NULL,NULL,NULL,NULL),(197,'pedula','123456',2,NULL,NULL,NULL,NULL),(198,'diogo','12345',2,NULL,NULL,NULL,NULL),(199,'renatopedula','123',2,NULL,NULL,NULL,NULL);
/*!40000 ALTER TABLE `usuario` ENABLE KEYS */;
UNLOCK TABLES;
/*!40103 SET TIME_ZONE=@OLD_TIME_ZONE */;

/*!40101 SET SQL_MODE=@OLD_SQL_MODE */;
/*!40014 SET FOREIGN_KEY_CHECKS=@OLD_FOREIGN_KEY_CHECKS */;
/*!40014 SET UNIQUE_CHECKS=@OLD_UNIQUE_CHECKS */;
/*!40101 SET CHARACTER_SET_CLIENT=@OLD_CHARACTER_SET_CLIENT */;
/*!40101 SET CHARACTER_SET_RESULTS=@OLD_CHARACTER_SET_RESULTS */;
/*!40101 SET COLLATION_CONNECTION=@OLD_COLLATION_CONNECTION */;
/*!40111 SET SQL_NOTES=@OLD_SQL_NOTES */;

-- Dump completed on 2014-10-28 16:49:30
